timestamp,lat,lon,course,speed,altitude
 2018-01-23 02:38:27,35.31833,-119.10117,0.0,0.0,348
 2018-01-23 02:48:29,35.31833,-119.10133,0.0,0.0,323
 2018-01-23 02:58:27,35.31833,-119.10117,0.0,0.0,347
 2018-01-23 03:08:27,35.31833,-119.10117,0.0,0.0,307
 2018-01-23 03:18:27,35.31833,-119.10117,0.0,0.0,328
 2018-01-23 03:28:27,35.31833,-119.10117,0.0,0.0,348
 2018-01-23 03:38:28,35.31833,-119.10117,0.0,0.0,330
 2018-01-23 03:48:28,35.31833,-119.10117,0.0,0.0,330
 2018-01-23 03:58:27,35.31833,-119.10117,0.0,0.0,327
 2018-01-23 04:08:27,35.31833,-119.10117,0.0,0.0,348
 2018-01-23 04:18:27,35.31833,-119.10117,0.0,0.0,348
 2018-01-23 04:28:27,35.31833,-119.10117,0.0,0.0,347
 2018-01-23 04:38:28,35.31833,-119.10117,0.0,0.0,347
 2018-01-23 04:48:30,35.31833,-119.10117,0.0,0.0,368
 2018-01-23 04:58:27,35.31833,-119.10117,0.0,0.0,347
 2018-01-23 05:08:28,35.31833,-119.10117,0.0,0.0,430
 2018-01-23 05:18:27,35.31833,-119.10117,0.0,0.0,276
 2018-01-23 05:28:27,35.31833,-119.10117,0.0,0.0,347
 2018-01-23 05:38:27,35.31833,-119.10117,0.0,0.0,376
 2018-01-23 05:48:28,35.31833,-119.10117,0.0,0.0,348
 2018-01-23 05:58:29,35.31833,-119.10117,0.0,0.0,338
 2018-01-23 06:09:27,35.31833,-119.10117,0.0,0.0,354
 2018-01-23 06:10:29,35.31833,-119.10117,0.0,0.0,350
 2018-01-23 06:13:27,35.31833,-119.10117,298.0,0.0,300
 2018-01-23 06:14:27,35.31833,-119.10117,298.0,0.0,300
 2018-01-23 06:15:27,35.31833,-119.10117,298.0,0.0,300
 2018-01-23 06:16:27,35.31833,-119.10117,298.0,0.0,300
 2018-01-23 06:17:27,35.31833,-119.10117,298.0,0.0,300
 2018-01-23 06:18:27,35.31833,-119.10117,298.0,0.0,300
 2018-01-23 06:19:27,35.31833,-119.10117,298.0,0.0,300
 2018-01-23 06:20:27,35.31833,-119.10117,298.0,0.0,300
 2018-01-23 06:21:27,35.31833,-119.10117,298.0,0.0,300
 2018-01-23 06:22:27,35.31833,-119.10117,298.0,0.0,300
 2018-01-23 06:23:27,35.31833,-119.10117,298.0,0.0,300
 2018-01-23 06:24:27,35.31833,-119.10117,298.0,0.0,300
 2018-01-23 06:25:27,35.31833,-119.10117,298.0,0.0,300
 2018-01-23 06:26:27,35.31833,-119.10117,298.0,0.0,300
 2018-01-23 06:27:27,35.31833,-119.10117,298.0,0.0,300
 2018-01-23 06:28:27,35.31833,-119.10117,298.0,0.0,300
 2018-01-23 06:29:27,35.31833,-119.10117,298.0,0.0,300
 2018-01-23 06:30:27,35.31833,-119.10117,298.0,0.0,300
 2018-01-23 06:31:27,35.31833,-119.10117,298.0,0.0,300
 2018-01-23 06:32:27,35.31833,-119.10117,298.0,0.0,300
 2018-01-23 06:33:27,35.31833,-119.10117,298.0,0.0,300
 2018-01-23 06:34:27,35.31833,-119.10117,298.0,0.0,300
 2018-01-23 06:35:27,35.31833,-119.10117,298.0,0.0,300
 2018-01-23 06:36:27,35.31833,-119.10117,298.0,0.0,300
 2018-01-23 06:37:27,35.31833,-119.10117,298.0,0.0,300
 2018-01-23 06:38:27,35.31833,-119.10117,298.0,0.0,300
 2018-01-23 06:39:27,35.31833,-119.10117,298.0,0.0,300
 2018-01-23 06:40:27,35.31833,-119.10117,298.0,0.0,300
 2018-01-23 06:41:27,35.31833,-119.10117,298.0,0.0,300
 2018-01-23 06:42:27,35.31833,-119.10117,298.0,0.0,300
 2018-01-23 06:43:27,35.31833,-119.10117,298.0,0.0,300
 2018-01-23 06:44:29,35.31833,-119.10117,298.0,0.0,300
 2018-01-23 06:45:27,35.31833,-119.10117,298.0,0.0,300
 2018-01-23 06:46:27,35.31833,-119.10117,298.0,0.0,300
 2018-01-23 06:47:27,35.31833,-119.10117,298.0,0.0,300
 2018-01-23 06:48:27,35.31833,-119.10117,160.0,0.0,354
 2018-01-23 06:49:27,35.31833,-119.10117,107.0,0.0,354
 2018-01-23 06:50:27,35.31833,-119.10117,107.0,0.0,354
 2018-01-23 06:51:27,35.31833,-119.10117,107.0,0.0,354
 2018-01-23 06:52:27,35.31833,-119.10117,107.0,0.0,354
 2018-01-23 06:53:27,35.31833,-119.10117,107.0,0.0,354
 2018-01-23 06:54:27,35.31833,-119.10117,107.0,0.0,354
 2018-01-23 06:55:27,35.31833,-119.10117,107.0,0.0,354
 2018-01-23 06:56:27,35.31833,-119.10117,107.0,0.0,354
 2018-01-23 06:57:27,35.31833,-119.10117,107.0,0.0,354
 2018-01-23 06:58:27,35.31833,-119.10117,107.0,0.0,354
 2018-01-23 06:59:27,35.31833,-119.10117,107.0,0.0,354
 2018-01-23 07:00:27,35.31833,-119.10117,241.0,0.0,354
 2018-01-23 07:01:27,35.31833,-119.10117,241.0,0.0,354
 2018-01-23 07:02:27,35.31833,-119.10117,241.0,0.0,354
 2018-01-23 07:03:27,35.31833,-119.10117,241.0,0.0,354
 2018-01-23 07:04:27,35.31833,-119.10117,241.0,0.0,354
 2018-01-23 07:05:27,35.31833,-119.10117,241.0,0.0,354
 2018-01-23 07:06:27,35.31833,-119.10117,241.0,0.0,354
 2018-01-23 07:07:28,35.31833,-119.10117,241.0,0.0,354
 2018-01-23 07:08:27,35.31833,-119.10117,241.0,0.0,354
 2018-01-23 07:09:27,35.31833,-119.10117,241.0,0.0,354
 2018-01-23 07:10:27,35.31833,-119.10117,241.0,0.0,354
 2018-01-23 07:11:27,35.31833,-119.10117,241.0,0.0,354
 2018-01-23 07:12:27,35.31833,-119.10117,241.0,0.0,354
 2018-01-23 07:13:27,35.31833,-119.10117,241.0,0.0,354
 2018-01-23 07:14:27,35.31833,-119.10117,241.0,0.0,354
 2018-01-23 07:15:27,35.31833,-119.10117,241.0,0.0,354
 2018-01-23 07:16:28,35.31833,-119.10117,241.0,0.0,354
 2018-01-23 07:17:28,35.31833,-119.10117,241.0,0.0,354
 2018-01-23 07:18:27,35.31833,-119.10117,241.0,0.0,354
 2018-01-23 07:19:27,35.31833,-119.10117,206.0,0.0,354
 2018-01-23 07:20:27,35.31833,-119.10117,202.0,0.0,354
 2018-01-23 07:21:27,35.31833,-119.10117,202.0,0.0,354
 2018-01-23 07:22:27,35.31833,-119.10117,202.0,0.0,354
 2018-01-23 07:23:27,35.31833,-119.10117,202.0,0.0,354
 2018-01-23 07:24:27,35.31833,-119.10117,202.0,0.0,354
 2018-01-23 07:25:27,35.31833,-119.10117,202.0,0.0,354
 2018-01-23 07:26:27,35.31833,-119.10117,202.0,0.0,354
 2018-01-23 07:27:27,35.31833,-119.10117,202.0,0.0,354
 2018-01-23 07:28:27,35.31833,-119.10117,202.0,0.0,354
 2018-01-23 07:29:27,35.31833,-119.10117,202.0,0.0,354
 2018-01-23 07:30:27,35.31833,-119.10117,202.0,0.0,354
 2018-01-23 07:31:27,35.31833,-119.10117,202.0,0.0,354
 2018-01-23 07:32:27,35.31833,-119.10117,202.0,0.0,354
 2018-01-23 07:33:27,35.31833,-119.10117,202.0,0.0,354
 2018-01-23 07:34:27,35.31833,-119.10117,202.0,0.0,354
 2018-01-23 07:35:27,35.31833,-119.10117,202.0,0.0,354
 2018-01-23 07:36:27,35.31833,-119.10117,202.0,0.0,354
 2018-01-23 07:37:27,35.31833,-119.10117,202.0,0.0,354
 2018-01-23 07:38:27,35.31833,-119.10117,202.0,0.0,354
 2018-01-23 07:39:27,35.31833,-119.10117,202.0,0.0,354
 2018-01-23 07:40:27,35.31833,-119.10117,202.0,0.0,354
 2018-01-23 07:41:27,35.31833,-119.10117,202.0,0.0,354
 2018-01-23 07:42:27,35.31833,-119.10117,202.0,0.0,354
 2018-01-23 07:43:27,35.31833,-119.10117,202.0,0.0,354
 2018-01-23 07:44:27,35.31833,-119.10117,202.0,0.0,354
 2018-01-23 07:45:27,35.31833,-119.10117,202.0,0.0,354
 2018-01-23 07:46:27,35.31833,-119.10117,202.0,0.0,354
 2018-01-23 07:47:27,35.31833,-119.10117,202.0,0.0,354
 2018-01-23 07:48:27,35.31833,-119.10117,202.0,0.0,354
 2018-01-23 07:49:27,35.31833,-119.10117,202.0,0.0,354
 2018-01-23 07:50:27,35.31833,-119.10117,202.0,0.0,354
 2018-01-23 07:51:27,35.31833,-119.10117,202.0,0.0,354
 2018-01-23 07:52:27,35.31833,-119.10117,202.0,0.0,354
 2018-01-23 07:53:27,35.31833,-119.10117,202.0,0.0,354
 2018-01-23 07:54:27,35.31833,-119.10117,202.0,0.0,354
 2018-01-23 07:55:27,35.31833,-119.10117,202.0,0.0,354
 2018-01-23 07:56:27,35.31833,-119.10117,202.0,0.0,354
 2018-01-23 07:57:27,35.31833,-119.10117,202.0,0.0,354
 2018-01-23 07:58:27,35.31833,-119.10117,202.0,0.0,354
 2018-01-23 07:59:30,35.31833,-119.10117,202.0,0.0,354
 2018-01-23 08:00:27,35.31833,-119.10117,202.0,0.0,354
 2018-01-23 08:01:27,35.31833,-119.10117,202.0,0.0,354
 2018-01-23 08:02:27,35.31833,-119.10117,202.0,0.0,354
 2018-01-23 08:03:27,35.31833,-119.10117,202.0,0.0,354
 2018-01-23 08:04:27,35.31833,-119.10117,202.0,0.0,354
 2018-01-23 08:05:27,35.31833,-119.10117,202.0,0.0,354
 2018-01-23 08:06:27,35.31833,-119.10117,202.0,0.0,354
 2018-01-23 08:07:27,35.31833,-119.10117,202.0,0.0,354
 2018-01-23 08:08:27,35.31833,-119.10117,202.0,0.0,354
 2018-01-23 08:09:27,35.31833,-119.10117,202.0,0.0,354
 2018-01-23 08:10:27,35.31833,-119.10117,202.0,0.0,354
 2018-01-23 08:11:27,35.31833,-119.10117,202.0,0.0,354
 2018-01-23 08:12:27,35.31833,-119.10117,202.0,0.0,354
 2018-01-23 08:13:27,35.31833,-119.10117,202.0,0.0,354
 2018-01-23 08:14:27,35.31833,-119.10117,202.0,0.0,354
 2018-01-23 08:15:27,35.31833,-119.10117,202.0,0.0,354
 2018-01-23 08:16:27,35.31833,-119.10117,202.0,0.0,354
 2018-01-23 08:17:27,35.31833,-119.10117,202.0,0.0,354
 2018-01-23 08:18:27,35.31833,-119.10117,202.0,0.0,354
 2018-01-23 08:19:27,35.31833,-119.10117,202.0,0.0,354
 2018-01-23 08:20:27,35.31833,-119.10117,202.0,0.0,354
 2018-01-23 08:21:27,35.31833,-119.10117,202.0,0.0,354
 2018-01-23 08:22:27,35.31833,-119.10117,202.0,0.0,354
 2018-01-23 08:23:27,35.31833,-119.10117,202.0,0.0,354
 2018-01-23 08:24:27,35.31833,-119.10117,202.0,0.0,354
 2018-01-23 08:25:27,35.31833,-119.10117,202.0,0.0,354
 2018-01-23 08:27:27,35.31833,-119.10117,202.0,0.0,354
 2018-01-23 08:28:27,35.31833,-119.10117,202.0,0.0,354
 2018-01-23 08:29:27,35.31833,-119.10117,202.0,0.0,354
 2018-01-23 08:30:27,35.31833,-119.10117,202.0,0.0,354
 2018-01-23 08:31:27,35.31833,-119.10117,202.0,0.0,354
 2018-01-23 08:32:27,35.31833,-119.10117,202.0,0.0,354
 2018-01-23 08:33:27,35.31833,-119.10117,202.0,0.0,354
 2018-01-23 08:34:27,35.31833,-119.10117,202.0,0.0,354
 2018-01-23 08:35:27,35.31833,-119.10117,202.0,0.0,354
 2018-01-23 08:36:27,35.31833,-119.10117,202.0,0.0,354
 2018-01-23 08:37:27,35.31833,-119.10117,202.0,0.0,354
 2018-01-23 08:38:27,35.31833,-119.10117,202.0,0.0,354
 2018-01-23 08:39:27,35.31833,-119.10117,202.0,0.0,354
 2018-01-23 08:40:27,35.31833,-119.10117,202.0,0.0,354
 2018-01-23 08:41:27,35.31833,-119.10117,202.0,0.0,354
 2018-01-23 08:42:27,35.31833,-119.10117,202.0,0.0,354
 2018-01-23 08:43:27,35.31833,-119.10117,202.0,0.0,354
 2018-01-23 08:44:27,35.31833,-119.10117,202.0,0.0,354
 2018-01-23 08:45:27,35.31833,-119.10117,202.0,0.0,354
 2018-01-23 08:46:27,35.31833,-119.10117,202.0,0.0,354
 2018-01-23 08:47:27,35.31833,-119.10117,202.0,0.0,354
 2018-01-23 08:48:27,35.31833,-119.10117,202.0,0.0,354
 2018-01-23 08:49:27,35.31833,-119.10117,202.0,0.0,354
 2018-01-23 08:59:27,35.31833,-119.10117,0.0,0.0,327
 2018-01-23 09:09:27,35.31833,-119.10117,0.0,0.0,361
 2018-01-23 09:19:27,35.31833,-119.10117,0.0,0.0,348
 2018-01-23 09:29:27,35.31833,-119.10133,0.0,0.0,328
 2018-01-23 09:39:27,35.31833,-119.10117,0.0,0.0,277
 2018-01-23 09:49:27,35.31833,-119.10133,0.0,0.0,348
 2018-01-23 09:59:27,35.31833,-119.10133,0.0,0.0,421
 2018-01-23 10:09:27,35.31867,-119.10117,0.0,0.0,401
 2018-01-23 10:19:27,35.31833,-119.10133,0.0,0.0,348
 2018-01-23 10:26:27,35.31833,-119.10117,0.0,0.0,318
 2018-01-23 10:27:27,35.31833,-119.10117,0.0,0.0,318
 2018-01-23 10:28:27,35.31833,-119.10117,0.0,0.0,318
 2018-01-23 10:29:27,35.31833,-119.10117,0.0,0.0,318
 2018-01-23 10:30:27,35.31833,-119.10117,0.0,0.0,318
 2018-01-23 10:31:27,35.31833,-119.10117,0.0,0.0,318
 2018-01-23 10:32:27,35.31833,-119.10117,0.0,0.0,318
 2018-01-23 10:33:27,35.31833,-119.10117,0.0,0.0,318
 2018-01-23 10:34:27,35.31833,-119.10117,0.0,0.0,318
 2018-01-23 10:35:27,35.31833,-119.10117,0.0,0.0,318
 2018-01-23 10:36:27,35.31833,-119.10117,0.0,0.0,318
 2018-01-23 10:37:27,35.31833,-119.10117,0.0,0.0,318
 2018-01-23 10:38:27,35.31833,-119.10117,0.0,0.0,318
 2018-01-23 10:39:27,35.31833,-119.10117,0.0,0.0,318
 2018-01-23 10:49:27,35.31833,-119.10133,0.0,0.0,348
 2018-01-23 10:59:27,35.31833,-119.10117,0.0,0.0,348
 2018-01-23 11:09:27,35.31833,-119.10117,0.0,0.0,337
 2018-01-23 11:19:27,35.31833,-119.10117,0.0,0.0,328
 2018-01-23 11:29:27,35.31833,-119.10117,0.0,0.0,327
 2018-01-23 11:39:27,35.31833,-119.10117,0.0,0.0,348
 2018-01-23 11:49:27,35.31833,-119.10117,0.0,0.0,289
 2018-01-23 11:59:27,35.31833,-119.10117,0.0,0.0,348
 2018-01-23 12:09:27,35.31833,-119.10117,0.0,0.0,39
 2018-01-23 12:19:27,35.31833,-119.10133,0.0,0.0,329
 2018-01-23 12:29:27,35.31833,-119.10117,0.0,0.0,348
 2018-01-23 12:39:27,35.31833,-119.10117,0.0,0.0,328
 2018-01-23 12:49:27,35.31833,-119.10133,0.0,0.0,348
 2018-01-23 12:59:27,35.31833,-119.10133,0.0,0.0,348
 2018-01-23 13:09:27,35.31833,-119.10133,0.0,0.0,327
 2018-01-23 13:19:27,35.31833,-119.10117,0.0,0.0,348
 2018-01-23 13:29:27,35.31833,-119.10133,0.0,0.0,348
 2018-01-23 13:39:27,35.31833,-119.10117,0.0,0.0,348
 2018-01-23 13:49:27,35.31833,-119.10117,0.0,0.0,353
 2018-01-23 13:59:27,35.31833,-119.10117,0.0,0.0,348
 2018-01-23 14:09:27,35.31833,-119.10117,0.0,0.0,327
 2018-01-23 14:19:27,35.31833,-119.10117,0.0,0.0,328
 2018-01-23 14:29:30,35.31833,-119.10117,0.0,0.0,327
 2018-01-23 14:39:27,35.31833,-119.10133,0.0,0.0,348
 2018-01-23 14:49:27,35.31833,-119.10133,0.0,0.0,329
 2018-01-23 14:59:27,35.31833,-119.10117,0.0,0.0,348
 2018-01-23 15:09:27,35.31833,-119.10117,0.0,0.0,368
 2018-01-23 15:19:27,35.31833,-119.10117,0.0,0.0,348
 2018-01-23 15:29:27,35.31833,-119.10117,0.0,0.0,348
 2018-01-23 15:39:27,35.31833,-119.10117,0.0,0.0,344
 2018-01-23 15:49:27,35.31833,-119.10117,0.0,0.0,348
 2018-01-23 15:57:21,35.31750,-119.10467,332.0,11.0,352
 2018-01-23 15:57:51,35.31833,-119.10633,243.0,28.0,352
 2018-01-23 15:58:21,35.31750,-119.10917,353.0,5.0,355
 2018-01-23 15:58:51,35.32283,-119.10917,0.0,44.0,357
 2018-01-23 15:59:21,35.32500,-119.10917,0.0,0.0,359
 2018-01-23 15:59:51,35.32467,-119.10917,0.0,0.0,359
 2018-01-23 16:00:21,35.32533,-119.10917,357.0,23.0,359
 2018-01-23 16:00:51,35.32950,-119.11050,339.0,5.0,358
 2018-01-23 16:01:21,35.33000,-119.11083,338.0,29.0,358
 2018-01-23 16:01:51,35.33467,-119.11300,341.0,29.0,355
 2018-01-23 16:02:21,35.33917,-119.11417,359.0,9.0,356
 2018-01-23 16:03:04,35.34050,-119.11417,359.0,31.0,359
 2018-01-23 16:03:34,35.34417,-119.11367,96.0,21.0,362
 2018-01-23 16:04:04,35.34217,-119.11083,131.0,7.0,362
 2018-01-23 16:04:34,35.34200,-119.11033,54.0,1.0,362
 2018-01-23 16:05:19,35.34167,-119.11033,78.0,2.0,362
 2018-01-23 16:06:51,35.34167,-119.10950,0.0,0.0,420
 2018-01-23 16:16:51,35.34200,-119.11033,0.0,0.0,335
 2018-01-23 16:26:51,35.34133,-119.10667,104.0,1.0,362
 2018-01-23 16:36:51,35.34033,-119.10367,0.0,0.0,364
 2018-01-23 16:46:51,35.34133,-119.10283,0.0,0.0,338
 2018-01-23 16:56:51,35.34117,-119.10667,290.0,1.0,362
 2018-01-23 17:06:51,35.34200,-119.10950,0.0,0.0,358
 2018-01-23 17:16:51,35.34200,-119.10950,0.0,0.0,358
 2018-01-23 17:26:51,35.34200,-119.10950,0.0,0.0,358
 2018-01-23 17:46:51,35.34200,-119.10950,0.0,0.0,358
 2018-01-23 17:56:51,35.34167,-119.10950,0.0,0.0,358
 2018-01-23 18:06:51,35.34167,-119.10950,0.0,0.0,358
 2018-01-23 18:16:51,35.34200,-119.10950,0.0,0.0,358
 2018-01-23 18:26:51,35.34167,-119.10950,0.0,0.0,358
 2018-01-23 18:36:51,35.34200,-119.10967,0.0,0.0,335
 2018-01-23 18:46:51,35.34200,-119.10917,0.0,0.0,335
 2018-01-23 18:56:51,35.34167,-119.10950,0.0,0.0,358
 2018-01-23 19:06:51,35.34167,-119.10967,0.0,0.0,356
 2018-01-23 19:16:51,35.34133,-119.10967,0.0,0.0,357
 2018-01-23 19:26:51,35.34133,-119.10967,0.0,0.0,357
 2018-01-23 19:36:51,35.34133,-119.11000,0.0,0.0,333
 2018-01-23 19:46:56,35.34167,-119.10950,0.0,0.0,358
 2018-01-23 19:56:51,35.34167,-119.10950,0.0,0.0,358
 2018-01-23 20:06:51,35.34167,-119.10967,0.0,0.0,335
 2018-01-23 20:16:51,35.34200,-119.10967,0.0,0.0,335
 2018-01-23 20:26:51,35.34200,-119.10967,0.0,0.0,391
 2018-01-23 20:36:51,35.34167,-119.10950,0.0,0.0,358
 2018-01-23 20:46:51,35.34200,-119.10967,0.0,0.0,378
 2018-01-23 20:56:51,35.34167,-119.10950,0.0,0.0,335
 2018-01-23 21:06:51,35.34167,-119.10950,0.0,0.0,343
 2018-01-23 21:16:51,35.34167,-119.10950,0.0,0.0,357
 2018-01-23 21:26:51,35.34167,-119.10950,0.0,0.0,358
 2018-01-23 21:36:51,35.34200,-119.10450,84.0,1.0,362
 2018-01-23 21:46:51,35.34217,-119.10167,0.0,0.0,365
 2018-01-23 21:56:51,35.34217,-119.10167,0.0,0.0,359
 2018-01-23 22:06:51,35.34217,-119.10167,0.0,0.0,365
 2018-01-23 22:16:51,35.34117,-119.10717,273.0,2.0,358
 2018-01-23 22:26:51,35.34200,-119.11000,0.0,1.0,362
 2018-01-23 22:36:51,35.35383,-119.06300,90.0,28.0,378
 2018-01-23 22:46:51,35.36000,-119.05917,0.0,0.0,292
 2018-01-23 22:56:51,35.35967,-119.05967,0.0,0.0,385
 2018-01-23 23:06:51,35.36033,-119.05967,0.0,0.0,377
 2018-01-23 23:16:53,35.36033,-119.05967,0.0,0.0,377
 2018-01-23 23:26:53,35.36033,-119.05967,0.0,0.0,377
 2018-01-23 23:36:52,35.36033,-119.05967,0.0,0.0,434
 2018-01-23 23:46:53,35.36033,-119.05967,0.0,0.0,377
 2018-01-23 23:56:53,35.36000,-119.05950,0.0,0.0,456
 2018-01-24 00:06:51,35.35950,-119.05967,0.0,0.0,1009
 2018-01-24 00:16:51,35.36000,-119.05950,0.0,0.0,430
 2018-01-24 00:26:51,35.36033,-119.05967,0.0,0.0,377
 2018-01-24 00:36:51,35.36033,-119.05967,0.0,0.0,377
 2018-01-24 00:46:51,35.36033,-119.05967,0.0,0.0,377
 2018-01-24 00:56:51,35.36000,-119.05967,0.0,0.0,356
 2018-01-24 01:06:51,35.36217,-119.05800,314.0,19.0,385
 2018-01-24 01:16:50,35.32950,-119.05700,164.0,38.0,365
 2018-01-24 01:20:51,35.31800,-119.07617,270.0,39.0,360
 2018-01-24 01:21:51,35.31800,-119.08867,271.0,22.0,355
 2018-01-24 01:22:51,35.31800,-119.09450,269.0,38.0,340
 2018-01-24 01:23:52,35.31833,-119.09967,301.0,19.0,332
 2018-01-24 01:24:57,35.31833,-119.10217,74.0,13.0,352
 2018-01-24 01:34:51,35.31833,-119.10117,0.0,0.0,338
 2018-01-24 01:44:50,35.31833,-119.10133,0.0,0.0,349
 2018-01-24 01:49:51,35.31783,-119.10283,0.0,1.0,352
 2018-01-24 01:50:51,35.31717,-119.09950,188.0,9.0,350
 2018-01-24 01:51:50,35.31800,-119.09333,90.0,47.0,322
 2018-01-24 01:52:51,35.32800,-119.09200,358.0,48.0,365
 2018-01-24 01:53:50,35.33917,-119.09200,0.0,14.0,332
 2018-01-24 01:54:51,35.35133,-119.09200,1.0,40.0,359
 2018-01-24 01:55:50,35.35367,-119.09200,359.0,0.0,372
 2018-01-24 01:56:50,35.35783,-119.09200,0.0,43.0,373
 2018-01-24 01:56:57,35.35917,-119.09200,358.0,44.0,371
 2018-01-24 01:57:27,35.36133,-119.09167,11.0,0.0,375
 2018-01-24 01:57:57,35.36133,-119.09167,11.0,0.0,375
 2018-01-24 01:58:27,35.36533,-119.09167,355.0,40.0,337
 2018-01-24 01:58:57,35.36800,-119.09200,356.0,0.0,378
 2018-01-24 01:59:27,35.36800,-119.09200,356.0,0.0,378
 2018-01-24 01:59:57,35.37200,-119.09217,343.0,39.0,378
 2018-01-24 02:00:27,35.37833,-119.09283,23.0,48.0,389
 2018-01-24 02:00:57,35.38467,-119.09200,359.0,45.0,385
 2018-01-24 02:01:27,35.38833,-119.09217,4.0,37.0,388
 2018-01-24 02:01:57,35.39467,-119.09200,358.0,44.0,391
 2018-01-24 02:02:27,35.39867,-119.09200,0.0,43.0,394
 2018-01-24 02:02:57,35.40533,-119.09200,0.0,48.0,387
 2018-01-24 02:03:27,35.41000,-119.09217,269.0,12.0,393
 2018-01-24 02:05:08,35.41000,-119.09283,0.0,0.0,392
 2018-01-24 02:15:08,35.41000,-119.09283,0.0,0.0,389
 2018-01-24 02:25:08,35.41000,-119.09283,0.0,0.0,394
 2018-01-24 02:35:08,35.41000,-119.09283,0.0,0.0,388
 2018-01-24 02:45:08,35.41000,-119.09283,0.0,0.0,393
 2018-01-24 02:55:08,35.41000,-119.09283,0.0,0.0,389
 2018-01-24 03:05:08,35.41000,-119.09283,0.0,0.0,394
 2018-01-24 03:15:08,35.41000,-119.09283,0.0,0.0,385
 2018-01-24 03:25:08,35.41000,-119.09283,0.0,0.0,389
 2018-01-24 03:35:08,35.41000,-119.09283,0.0,0.0,439
 2018-01-24 03:45:08,35.41000,-119.09283,0.0,0.0,384
 2018-01-24 03:55:08,35.41000,-119.09283,0.0,0.0,394
 2018-01-24 04:05:08,35.41000,-119.09283,0.0,0.0,389
 2018-01-24 04:15:09,35.40583,-119.09217,180.0,45.0,388
 2018-01-24 04:17:11,35.38417,-119.09217,177.0,18.0,387
 2018-01-24 04:19:08,35.36883,-119.09217,180.0,0.0,367
 2018-01-24 04:20:08,35.36833,-119.09283,180.0,0.0,361
 2018-01-24 04:26:08,35.34133,-119.09217,180.0,50.0,367
 2018-01-24 04:27:08,35.32700,-119.09217,178.0,48.0,340
 2018-01-24 04:28:08,35.31800,-119.09300,269.0,27.0,356
 2018-01-24 04:29:08,35.31750,-119.09950,7.0,17.0,331
 2018-01-24 04:30:08,35.31867,-119.10133,255.0,0.0,354
 2018-01-24 04:40:08,35.31833,-119.10117,0.0,0.0,313
 2018-01-24 04:50:09,35.31833,-119.10117,0.0,0.0,354
 2018-01-24 05:00:08,35.31833,-119.10117,0.0,0.0,347
 2018-01-24 05:10:10,35.31833,-119.10117,0.0,0.0,329
 2018-01-24 05:20:08,35.31833,-119.10133,0.0,0.0,348
 2018-01-24 05:30:08,35.31833,-119.10117,0.0,0.0,330
 2018-01-24 05:40:08,35.31833,-119.10133,0.0,0.0,348
 2018-01-24 05:50:08,35.31833,-119.10133,0.0,0.0,348
 2018-01-24 06:00:08,35.31833,-119.10133,0.0,0.0,354
 2018-01-24 06:10:08,35.31833,-119.10117,0.0,0.0,348
 2018-01-24 06:17:09,35.31867,-119.10167,0.0,0.0,176
 2018-01-24 06:18:09,35.31867,-119.10167,0.0,0.0,176
 2018-01-24 06:19:08,35.31867,-119.10167,0.0,0.0,176
 2018-01-24 06:20:08,35.31867,-119.10167,0.0,0.0,176
 2018-01-24 06:21:07,35.31867,-119.10167,0.0,0.0,176
 2018-01-24 06:22:08,35.31867,-119.10133,0.0,0.0,355
 2018-01-24 06:23:11,35.31867,-119.10117,265.0,0.0,355
 2018-01-24 06:24:09,35.31833,-119.10117,100.0,0.0,355
 2018-01-24 06:25:08,35.31833,-119.10117,160.0,0.0,355
 2018-01-24 06:26:08,35.31833,-119.10117,281.0,0.0,355
 2018-01-24 06:27:08,35.31833,-119.10117,340.0,0.0,355
 2018-01-24 06:28:08,35.31833,-119.10117,171.0,0.0,354
 2018-01-24 06:29:08,35.31833,-119.10117,189.0,0.0,354
 2018-01-24 06:30:07,35.31833,-119.10117,204.0,0.0,353
 2018-01-24 06:31:08,35.31833,-119.10117,114.0,0.0,353
 2018-01-24 06:32:08,35.31833,-119.10117,347.0,0.0,353
 2018-01-24 06:33:08,35.31833,-119.10117,305.0,0.0,353
 2018-01-24 06:34:08,35.31833,-119.10117,305.0,0.0,353
 2018-01-24 06:35:08,35.31833,-119.10117,308.0,0.0,353
 2018-01-24 06:36:07,35.31833,-119.10117,308.0,0.0,353
 2018-01-24 06:37:08,35.31833,-119.10117,144.0,2.0,353
 2018-01-24 06:38:08,35.31833,-119.10117,183.0,0.0,353
 2018-01-24 06:39:09,35.31833,-119.10117,182.0,1.0,353
 2018-01-24 06:40:08,35.31833,-119.10117,181.0,0.0,353
 2018-01-24 06:41:08,35.31833,-119.10117,181.0,0.0,353
 2018-01-24 06:42:08,35.31833,-119.10117,181.0,0.0,353
 2018-01-24 06:43:08,35.31833,-119.10117,181.0,0.0,353
 2018-01-24 06:44:09,35.31833,-119.10117,182.0,0.0,353
 2018-01-24 06:45:07,35.31800,-119.10117,128.0,0.0,352
 2018-01-24 06:46:08,35.31800,-119.10117,128.0,0.0,352
 2018-01-24 06:47:08,35.31800,-119.10117,128.0,0.0,352
 2018-01-24 06:48:08,35.31800,-119.10117,128.0,0.0,352
 2018-01-24 06:49:08,35.31800,-119.10117,128.0,0.0,352
 2018-01-24 06:50:08,35.31800,-119.10117,128.0,0.0,352
 2018-01-24 06:51:08,35.31800,-119.10117,128.0,0.0,352
 2018-01-24 06:52:07,35.31833,-119.10117,189.0,0.0,352
 2018-01-24 06:53:08,35.31833,-119.10117,195.0,0.0,353
 2018-01-24 06:54:07,35.31833,-119.10117,171.0,0.0,353
 2018-01-24 06:55:08,35.31833,-119.10117,195.0,0.0,353
 2018-01-24 06:56:08,35.31833,-119.10117,173.0,0.0,353
 2018-01-24 06:57:08,35.31833,-119.10117,175.0,0.0,353
 2018-01-24 06:58:08,35.31833,-119.10117,171.0,0.0,353
 2018-01-24 06:59:08,35.31833,-119.10117,187.0,0.0,353
 2018-01-24 07:00:08,35.31833,-119.10117,178.0,0.0,353
 2018-01-24 07:01:08,35.31833,-119.10117,172.0,0.0,353
 2018-01-24 07:03:08,35.31833,-119.10117,187.0,0.0,353
 2018-01-24 07:04:08,35.31833,-119.10117,187.0,0.0,353
 2018-01-24 07:05:08,35.31833,-119.10117,205.0,0.0,353
 2018-01-24 07:06:07,35.31833,-119.10117,175.0,0.0,353
 2018-01-24 07:07:07,35.31833,-119.10117,183.0,0.0,352
 2018-01-24 07:08:07,35.31833,-119.10117,183.0,0.0,352
 2018-01-24 07:09:08,35.31833,-119.10117,183.0,0.0,352
 2018-01-24 07:10:09,35.31833,-119.10117,298.0,0.0,353
 2018-01-24 07:11:07,35.31833,-119.10117,77.0,0.0,353
 2018-01-24 07:12:07,35.31833,-119.10117,77.0,0.0,353
 2018-01-24 07:13:08,35.31833,-119.10117,77.0,0.0,353
 2018-01-24 07:14:08,35.31833,-119.10117,77.0,0.0,353
 2018-01-24 07:15:07,35.31833,-119.10117,71.0,0.0,354
 2018-01-24 07:16:09,35.31833,-119.10117,56.0,0.0,354
 2018-01-24 07:17:08,35.31833,-119.10117,61.0,0.0,354
 2018-01-24 07:18:08,35.31833,-119.10117,55.0,0.0,354
 2018-01-24 07:19:08,35.31833,-119.10117,51.0,0.0,354
 2018-01-24 07:20:08,35.31833,-119.10117,220.0,0.0,354
 2018-01-24 07:21:08,35.31833,-119.10117,336.0,0.0,354
 2018-01-24 07:22:10,35.31833,-119.10117,336.0,0.0,354
 2018-01-24 07:23:09,35.31833,-119.10117,336.0,0.0,354
 2018-01-24 07:24:07,35.31833,-119.10117,336.0,0.0,354
 2018-01-24 07:25:08,35.31833,-119.10117,49.0,0.0,354
 2018-01-24 07:26:08,35.31833,-119.10117,55.0,0.0,354
 2018-01-24 07:27:07,35.31833,-119.10117,54.0,0.0,354
 2018-01-24 07:28:08,35.31833,-119.10117,54.0,0.0,354
 2018-01-24 07:29:07,35.31833,-119.10117,54.0,0.0,354
 2018-01-24 07:30:08,35.31833,-119.10117,30.0,0.0,354
 2018-01-24 07:31:08,35.31833,-119.10117,313.0,0.0,354
 2018-01-24 07:32:08,35.31833,-119.10117,130.0,0.0,354
 2018-01-24 07:33:07,35.31833,-119.10117,56.0,0.0,354
 2018-01-24 07:34:08,35.31833,-119.10117,56.0,0.0,354
 2018-01-24 07:35:07,35.31833,-119.10117,56.0,0.0,354
 2018-01-24 07:36:08,35.31833,-119.10117,3.0,0.0,354
 2018-01-24 07:37:08,35.31833,-119.10117,58.0,0.0,354
 2018-01-24 07:38:08,35.31833,-119.10117,54.0,0.0,354
 2018-01-24 07:39:08,35.31833,-119.10117,70.0,0.0,354
 2018-01-24 07:40:08,35.31833,-119.10117,63.0,0.0,354
 2018-01-24 07:41:08,35.31833,-119.10117,54.0,0.0,354
 2018-01-24 07:42:09,35.31833,-119.10117,54.0,0.0,354
 2018-01-24 07:43:08,35.31833,-119.10117,53.0,0.0,354
 2018-01-24 07:44:07,35.31833,-119.10117,53.0,0.0,354
 2018-01-24 07:45:09,35.31833,-119.10117,54.0,0.0,354
 2018-01-24 07:46:08,35.31833,-119.10117,59.0,0.0,354
 2018-01-24 07:47:08,35.31833,-119.10117,59.0,0.0,354
 2018-01-24 07:48:08,35.31833,-119.10117,54.0,0.0,354
 2018-01-24 07:49:08,35.31833,-119.10117,354.0,1.0,354
 2018-01-24 07:50:07,35.31833,-119.10117,49.0,1.0,354
 2018-01-24 07:51:08,35.31833,-119.10083,66.0,0.0,354
 2018-01-24 07:52:08,35.31833,-119.10117,63.0,0.0,355
 2018-01-24 07:53:08,35.31833,-119.10117,63.0,0.0,355
 2018-01-24 07:54:08,35.31833,-119.10117,66.0,0.0,355
 2018-01-24 07:55:08,35.31833,-119.10117,67.0,0.0,355
 2018-01-24 07:56:08,35.31833,-119.10117,65.0,0.0,354
 2018-01-24 07:57:07,35.31833,-119.10117,66.0,0.0,354
 2018-01-24 07:58:08,35.31833,-119.10117,68.0,0.0,355
 2018-01-24 07:59:07,35.31833,-119.10117,67.0,0.0,354
 2018-01-24 08:00:08,35.31833,-119.10117,80.0,0.0,354
 2018-01-24 08:01:08,35.31833,-119.10117,80.0,0.0,354
 2018-01-24 08:02:07,35.31833,-119.10117,80.0,0.0,354
 2018-01-24 08:03:07,35.31833,-119.10117,80.0,0.0,354
 2018-01-24 08:04:08,35.31833,-119.10117,80.0,0.0,354
 2018-01-24 08:05:07,35.31833,-119.10117,80.0,0.0,354
 2018-01-24 08:06:07,35.31833,-119.10117,80.0,0.0,354
 2018-01-24 08:07:08,35.31833,-119.10117,80.0,0.0,354
 2018-01-24 08:08:08,35.31833,-119.10117,80.0,0.0,354
 2018-01-24 08:09:07,35.31833,-119.10117,80.0,0.0,354
 2018-01-24 08:10:08,35.31833,-119.10117,80.0,0.0,354
 2018-01-24 08:11:08,35.31833,-119.10117,80.0,0.0,354
 2018-01-24 08:12:09,35.31833,-119.10117,80.0,0.0,354
 2018-01-24 08:13:09,35.31833,-119.10117,80.0,0.0,354
 2018-01-24 08:14:08,35.31833,-119.10117,80.0,0.0,354
 2018-01-24 08:15:08,35.31833,-119.10117,66.0,0.0,355
 2018-01-24 08:16:08,35.31833,-119.10117,66.0,0.0,355
 2018-01-24 08:17:08,35.31833,-119.10117,66.0,0.0,355
 2018-01-24 08:18:08,35.31833,-119.10117,66.0,0.0,355
 2018-01-24 08:19:07,35.31833,-119.10117,66.0,0.0,355
 2018-01-24 08:20:07,35.31833,-119.10117,66.0,0.0,355
 2018-01-24 08:21:08,35.31833,-119.10117,66.0,0.0,355
 2018-01-24 08:22:08,35.31833,-119.10117,66.0,0.0,355
 2018-01-24 08:23:07,35.31833,-119.10117,66.0,0.0,355
 2018-01-24 08:24:07,35.31833,-119.10117,66.0,0.0,355
 2018-01-24 08:25:08,35.31833,-119.10117,66.0,0.0,355
 2018-01-24 08:26:09,35.31833,-119.10117,66.0,0.0,355
 2018-01-24 08:27:08,35.31833,-119.10117,66.0,0.0,355
 2018-01-24 08:28:08,35.31833,-119.10117,66.0,0.0,355
 2018-01-24 08:29:08,35.31833,-119.10117,66.0,0.0,355
 2018-01-24 08:39:07,35.31833,-119.10117,66.0,0.0,321
 2018-01-24 08:49:09,35.31833,-119.10117,0.0,0.0,328
 2018-01-24 08:59:08,35.31833,-119.10117,0.0,0.0,348
 2018-01-24 09:09:07,35.31833,-119.10117,0.0,0.0,348
 2018-01-24 09:19:07,35.31833,-119.10117,0.0,0.0,347
 2018-01-24 09:29:08,35.31833,-119.10117,0.0,0.0,337
 2018-01-24 09:39:08,35.31833,-119.10117,0.0,0.0,348
 2018-01-24 09:49:08,35.31833,-119.10117,0.0,0.0,327
 2018-01-24 09:50:08,35.31833,-119.10117,0.0,0.0,327
 2018-01-24 09:51:07,35.31833,-119.10117,0.0,0.0,327
 2018-01-24 09:52:07,35.31833,-119.10117,0.0,0.0,327
 2018-01-24 09:53:08,35.31833,-119.10117,0.0,0.0,327
 2018-01-24 09:54:07,35.31833,-119.10117,0.0,0.0,327
 2018-01-24 09:55:07,35.31833,-119.10117,0.0,0.0,327
 2018-01-24 09:56:07,35.31833,-119.10117,0.0,0.0,327
 2018-01-24 09:57:09,35.31833,-119.10117,0.0,0.0,327
 2018-01-24 09:58:08,35.31833,-119.10117,0.0,0.0,327
 2018-01-24 09:59:07,35.31833,-119.10117,0.0,0.0,327
 2018-01-24 10:00:08,35.31833,-119.10117,0.0,0.0,327
 2018-01-24 10:01:08,35.31833,-119.10117,0.0,0.0,327
 2018-01-24 10:02:08,35.31833,-119.10117,0.0,0.0,327
 2018-01-24 10:03:07,35.31833,-119.10117,0.0,0.0,327
 2018-01-24 10:04:08,35.31833,-119.10117,0.0,0.0,327
 2018-01-24 10:05:07,35.31833,-119.10117,0.0,0.0,327
 2018-01-24 10:15:08,35.31833,-119.10117,0.0,0.0,328
 2018-01-24 10:25:07,35.31833,-119.10133,0.0,0.0,361
 2018-01-24 10:45:07,35.31833,-119.10117,0.0,0.0,328
 2018-01-24 10:55:07,35.31833,-119.10117,0.0,0.0,331
 2018-01-24 11:05:08,35.31833,-119.10117,0.0,0.0,342
 2018-01-24 11:15:07,35.31833,-119.10117,0.0,0.0,348
 2018-01-24 11:25:09,35.31833,-119.10133,0.0,0.0,327
 2018-01-24 11:35:08,35.31833,-119.10117,0.0,0.0,348
 2018-01-24 11:45:09,35.31833,-119.10133,0.0,0.0,348
 2018-01-24 11:55:07,35.31833,-119.10117,0.0,0.0,348
 2018-01-24 12:05:08,35.31833,-119.10117,0.0,0.0,348
 2018-01-24 12:15:08,35.31833,-119.10117,0.0,0.0,348
 2018-01-24 12:25:08,35.31833,-119.10117,0.0,0.0,348
 2018-01-24 12:35:08,35.31833,-119.10117,0.0,0.0,348
 2018-01-24 12:45:08,35.31833,-119.10117,0.0,0.0,348
 2018-01-24 12:55:07,35.31833,-119.10117,0.0,0.0,348
 2018-01-24 13:05:08,35.31833,-119.10117,0.0,0.0,328
 2018-01-24 13:15:07,35.31800,-119.10117,0.0,0.0,328
 2018-01-24 13:25:07,35.31833,-119.10117,0.0,0.0,354
 2018-01-24 13:35:07,35.31833,-119.10117,0.0,0.0,348
 2018-01-24 13:45:07,35.31833,-119.10117,0.0,0.0,350
 2018-01-24 13:55:07,35.31833,-119.10117,0.0,0.0,348
 2018-01-24 14:05:07,35.31833,-119.10117,0.0,0.0,329
 2018-01-24 14:15:07,35.31833,-119.10117,0.0,0.0,328
 2018-01-24 14:25:08,35.31833,-119.10133,0.0,0.0,338
 2018-01-24 14:35:07,35.31833,-119.10117,0.0,0.0,348
 2018-01-24 14:45:07,35.31833,-119.10133,0.0,0.0,329
 2018-01-24 14:55:07,35.31833,-119.10117,0.0,0.0,355
 2018-01-24 15:05:07,35.31833,-119.10117,0.0,0.0,354
 2018-01-24 15:15:08,35.31833,-119.10117,0.0,0.0,354
 2018-01-24 15:20:07,35.31867,-119.10117,0.0,0.0,355
 2018-01-24 15:21:07,35.31833,-119.10117,0.0,0.0,353
 2018-01-24 15:22:07,35.31833,-119.10117,0.0,0.0,354
 2018-01-24 15:23:07,35.31833,-119.10117,0.0,0.0,353
 2018-01-24 15:24:07,35.31833,-119.10117,0.0,0.0,354
 2018-01-24 15:25:09,35.31833,-119.10117,78.0,0.0,354
 2018-01-24 15:26:08,35.31833,-119.10117,224.0,0.0,353
 2018-01-24 15:27:07,35.31833,-119.10117,224.0,0.0,353
 2018-01-24 15:28:07,35.31833,-119.10117,224.0,0.0,353
 2018-01-24 15:29:07,35.31833,-119.10117,224.0,0.0,353
 2018-01-24 15:30:08,35.31833,-119.10117,224.0,0.0,353
 2018-01-24 15:31:07,35.31833,-119.10117,224.0,0.0,353
 2018-01-24 15:32:08,35.31833,-119.10117,224.0,0.0,353
 2018-01-24 15:33:08,35.31833,-119.10117,224.0,0.0,353
 2018-01-24 15:34:08,35.31833,-119.10117,224.0,0.0,353
 2018-01-24 15:35:07,35.31833,-119.10117,224.0,0.0,353
 2018-01-24 15:36:07,35.31833,-119.10117,224.0,0.0,353
 2018-01-24 15:37:07,35.31833,-119.10117,0.0,0.0,354
 2018-01-24 15:38:07,35.31833,-119.10117,337.0,0.0,353
 2018-01-24 15:39:07,35.31833,-119.10117,312.0,0.0,354
 2018-01-24 15:40:07,35.31833,-119.10117,176.0,0.0,354
 2018-01-24 15:41:10,35.31833,-119.10117,183.0,0.0,353
 2018-01-24 15:42:07,35.31833,-119.10117,164.0,0.0,353
 2018-01-24 15:43:07,35.31833,-119.10117,174.0,0.0,354
 2018-01-24 15:44:07,35.31833,-119.10117,342.0,0.0,354
 2018-01-24 15:45:08,35.31833,-119.10117,177.0,0.0,354
 2018-01-24 15:46:07,35.31833,-119.10117,145.0,0.0,355
 2018-01-24 15:47:07,35.31833,-119.10117,145.0,0.0,355
 2018-01-24 15:48:08,35.31833,-119.10117,173.0,0.0,354
 2018-01-24 15:54:07,35.33250,-119.11200,339.0,50.0,356
 2018-01-24 15:55:08,35.33717,-119.11383,347.0,0.0,355
 2018-01-24 15:56:07,35.33950,-119.11417,359.0,0.0,358
 2018-01-24 15:57:11,35.34217,-119.11417,359.0,46.0,358
 2018-01-24 15:58:07,35.34167,-119.11083,174.0,7.0,362
 2018-01-24 15:59:09,35.34167,-119.11033,158.0,0.0,360
 2018-01-24 16:09:16,35.34167,-119.10950,0.0,0.0,358
 2018-01-24 16:19:07,35.34133,-119.10917,0.0,0.0,279
 2018-01-24 16:29:07,35.34250,-119.10950,0.0,0.0,557
 2018-01-24 16:39:07,35.34167,-119.10950,0.0,0.0,358
 2018-01-24 16:49:07,35.34167,-119.10950,0.0,0.0,328
 2018-01-24 16:59:07,35.34200,-119.10917,0.0,0.0,573
 2018-01-24 17:09:07,35.34167,-119.10917,0.0,0.0,326
 2018-01-24 17:19:07,35.34167,-119.10950,0.0,0.0,358
 2018-01-24 17:29:07,35.34167,-119.10950,0.0,0.0,358
 2018-01-24 17:39:07,35.34167,-119.10950,0.0,0.0,358
 2018-01-24 17:49:07,35.34167,-119.10950,0.0,0.0,358
 2018-01-24 17:59:07,35.34200,-119.10950,0.0,0.0,357
 2018-01-24 18:09:07,35.34167,-119.10967,0.0,0.0,361
 2018-01-24 18:19:07,35.34033,-119.11133,180.0,21.0,361
 2018-01-24 18:20:07,35.33967,-119.11383,270.0,0.0,358
 2018-01-24 18:21:07,35.33967,-119.11383,270.0,0.0,358
 2018-01-24 18:22:07,35.33950,-119.10200,89.0,41.0,365
 2018-01-24 18:23:07,35.33967,-119.10117,0.0,18.0,365
 2018-01-24 18:24:07,35.34117,-119.10167,344.0,2.0,365
 2018-01-24 18:27:07,35.33950,-119.09500,90.0,48.0,366
 2018-01-24 18:28:07,35.33950,-119.09217,90.0,0.0,368
 2018-01-24 18:29:07,35.33583,-119.08050,117.0,53.0,359
 2018-01-24 18:30:07,35.33617,-119.06617,65.0,47.0,371
 2018-01-24 18:31:07,35.33950,-119.05133,90.0,40.0,369
 2018-01-24 18:32:07,35.33967,-119.05083,86.0,2.0,372
 2018-01-24 18:42:07,35.33967,-119.05050,0.0,0.0,368
 2018-01-24 18:52:08,35.33967,-119.05083,0.0,0.0,366
 2018-01-24 19:02:07,35.33967,-119.05050,0.0,0.0,397
 2018-01-24 19:12:07,35.33967,-119.05050,0.0,0.0,372
 2018-01-24 19:41:09,35.31800,-119.10117,173.0,0.0,344
 2018-01-24 19:51:07,35.31833,-119.10133,0.0,0.0,329
 2018-01-24 20:01:08,35.31800,-119.10117,0.0,0.0,334
 2018-01-24 20:11:07,35.31833,-119.10133,0.0,0.0,328
 2018-01-24 20:21:07,35.31833,-119.10117,0.0,0.0,341
 2018-01-24 20:24:23,35.31800,-119.10117,0.0,0.0,327
 2018-01-24 20:26:09,35.31800,-119.10117,0.0,0.0,327
 2018-01-24 20:28:09,35.31800,-119.10117,0.0,0.0,327
 2018-01-24 20:29:09,35.31800,-119.10117,0.0,0.0,327
 2018-01-24 20:30:09,35.31800,-119.10117,0.0,0.0,327
 2018-01-24 20:31:07,35.31833,-119.10117,0.0,0.0,327
 2018-01-24 20:31:09,35.31800,-119.10117,0.0,0.0,327
 2018-01-24 20:32:09,35.31800,-119.10117,0.0,0.0,327
 2018-01-24 20:33:08,35.31800,-119.10117,0.0,0.0,327
 2018-01-24 20:34:08,35.31800,-119.10117,0.0,0.0,327
 2018-01-24 20:41:07,35.31833,-119.10117,0.0,0.0,329
 2018-01-24 20:44:09,35.31800,-119.10117,0.0,0.0,327
 2018-01-24 20:51:07,35.31833,-119.10117,0.0,0.0,349
 2018-01-24 20:54:12,35.31800,-119.10117,0.0,0.0,327
 2018-01-24 21:01:07,35.31833,-119.10117,0.0,0.0,349
 2018-01-24 21:04:11,35.31800,-119.10117,0.0,0.0,327
 2018-01-24 21:11:07,35.31833,-119.10117,0.0,0.0,349
 2018-01-24 21:14:10,35.31800,-119.10117,0.0,0.0,327
 2018-01-24 21:21:07,35.31833,-119.10117,0.0,0.0,328
 2018-01-24 21:24:09,35.31800,-119.10117,0.0,0.0,327
 2018-01-24 21:31:12,35.31833,-119.10117,0.0,0.0,349
 2018-01-24 21:34:09,35.31800,-119.10117,0.0,0.0,327
 2018-01-24 21:41:07,35.31833,-119.10117,0.0,0.0,328
 2018-01-24 21:44:09,35.31800,-119.10117,0.0,0.0,327
 2018-01-24 21:47:09,35.31800,-119.10117,0.0,0.0,327
 2018-01-24 21:48:09,35.31800,-119.10117,0.0,0.0,327
 2018-01-24 21:49:09,35.31800,-119.10117,0.0,0.0,327
 2018-01-24 21:50:09,35.31800,-119.10117,0.0,0.0,327
 2018-01-24 21:51:08,35.31833,-119.10117,0.0,0.0,329
 2018-01-24 21:51:09,35.34167,-119.10950,0.0,0.0,357
 2018-01-24 21:51:39,35.34167,-119.10967,0.0,0.0,357
 2018-01-24 21:52:09,35.34167,-119.10950,0.0,0.0,357
 2018-01-24 21:53:09,35.34167,-119.10950,0.0,0.0,357
 2018-01-24 21:54:09,35.34167,-119.10950,0.0,0.0,357
 2018-01-24 21:54:41,35.34167,-119.10967,0.0,0.0,357
 2018-01-24 21:55:40,35.34167,-119.10950,0.0,0.0,356
 2018-01-24 21:56:41,35.34167,-119.10950,0.0,0.0,357
 2018-01-24 21:57:41,35.34167,-119.10967,0.0,0.0,357
 2018-01-24 21:58:12,35.34167,-119.10950,0.0,0.0,357
 2018-01-24 21:59:12,35.34167,-119.10950,0.0,0.0,357
 2018-01-24 22:00:10,35.34167,-119.10950,0.0,0.0,357
 2018-01-24 22:01:07,35.31833,-119.10117,0.0,0.0,352
 2018-01-24 22:01:11,35.34167,-119.10967,0.0,0.0,357
 2018-01-24 22:01:42,35.34167,-119.10950,0.0,0.0,357
 2018-01-24 22:02:41,35.34167,-119.10950,0.0,0.0,357
 2018-01-24 22:03:42,35.34167,-119.10950,0.0,0.0,357
 2018-01-24 22:04:41,35.34167,-119.10950,0.0,0.0,357
 2018-01-24 22:05:13,35.34167,-119.10950,0.0,0.0,357
 2018-01-24 22:06:11,35.34167,-119.10950,0.0,0.0,358
 2018-01-24 22:06:41,35.34167,-119.10950,0.0,0.0,357
 2018-01-24 22:07:44,35.34167,-119.10950,0.0,0.0,356
 2018-01-24 22:08:11,35.34167,-119.10950,0.0,0.0,357
 2018-01-24 22:09:11,35.34167,-119.10950,0.0,0.0,357
 2018-01-24 22:09:40,35.34167,-119.10967,0.0,0.0,357
 2018-01-24 22:10:10,35.34167,-119.10950,0.0,0.0,357
 2018-01-24 22:10:42,35.34167,-119.10950,0.0,0.0,357
 2018-01-24 22:11:07,35.31833,-119.10117,0.0,0.0,354
 2018-01-24 22:11:43,35.34167,-119.10967,0.0,0.0,357
 2018-01-24 22:12:42,35.34200,-119.10950,0.0,0.0,357
 2018-01-24 22:13:14,35.34167,-119.10950,0.0,0.0,357
 2018-01-24 22:14:11,35.34167,-119.10950,0.0,0.0,357
 2018-01-24 22:15:11,35.34167,-119.10967,0.0,0.0,357
 2018-01-24 22:15:42,35.34167,-119.10950,0.0,0.0,357
 2018-01-24 22:16:11,35.34167,-119.10950,0.0,0.0,357
 2018-01-24 22:17:10,35.34167,-119.10950,0.0,0.0,357
 2018-01-24 22:18:11,35.34167,-119.10950,0.0,0.0,357
 2018-01-24 22:19:10,35.34167,-119.10950,0.0,0.0,357
 2018-01-24 22:20:40,35.34167,-119.10950,0.0,0.0,357
 2018-01-24 22:21:07,35.31833,-119.10133,0.0,0.0,349
 2018-01-24 22:21:11,35.34167,-119.10950,0.0,0.0,357
 2018-01-24 22:22:11,35.34167,-119.10950,0.0,0.0,357
 2018-01-24 22:23:10,35.34167,-119.10950,0.0,0.0,357
 2018-01-24 22:24:10,35.34167,-119.10967,0.0,0.0,358
 2018-01-24 22:24:41,35.34167,-119.10950,0.0,0.0,357
 2018-01-24 22:25:11,35.34167,-119.10950,0.0,0.0,357
 2018-01-24 22:26:12,35.34167,-119.10950,0.0,0.0,357
 2018-01-24 22:27:13,35.34167,-119.10950,0.0,0.0,357
 2018-01-24 22:28:10,35.34167,-119.10950,0.0,0.0,357
 2018-01-24 22:28:42,35.34167,-119.10950,345.0,1.0,362
 2018-01-24 22:29:12,35.34200,-119.10917,97.0,1.0,362
 2018-01-24 22:29:40,35.34200,-119.10867,80.0,1.0,362
 2018-01-24 22:30:09,35.34200,-119.10833,95.0,2.0,362
 2018-01-24 22:30:39,35.34200,-119.10800,163.0,2.0,362
 2018-01-24 22:31:07,35.31833,-119.10117,0.0,0.0,327
 2018-01-24 22:31:09,35.34167,-119.10800,232.0,2.0,361
 2018-01-24 22:31:39,35.34133,-119.10800,182.0,1.0,358
 2018-01-24 22:32:09,35.34133,-119.10833,296.0,2.0,358
 2018-01-24 22:32:39,35.34133,-119.10867,292.0,1.0,358
 2018-01-24 22:33:09,35.34133,-119.10883,309.0,1.0,361
 2018-01-24 22:33:40,35.34133,-119.10917,260.0,1.0,360
 2018-01-24 22:34:12,35.34133,-119.10967,296.0,2.0,360
 2018-01-24 22:34:40,35.34133,-119.11000,42.0,1.0,360
 2018-01-24 22:35:09,35.34200,-119.11000,35.0,1.0,362
 2018-01-24 22:35:40,35.34200,-119.11000,22.0,1.0,362
 2018-01-24 22:36:10,35.34217,-119.10950,100.0,2.0,362
 2018-01-24 22:36:42,35.34200,-119.10917,99.0,2.0,362
 2018-01-24 22:37:09,35.34200,-119.10883,86.0,2.0,362
 2018-01-24 22:37:40,35.34200,-119.10867,81.0,2.0,362
 2018-01-24 22:38:09,35.34200,-119.10800,101.0,2.0,362
 2018-01-24 22:39:44,35.34133,-119.10800,226.0,1.0,358
 2018-01-24 22:41:07,35.31833,-119.10117,0.0,0.0,330
 2018-01-24 22:49:45,35.34117,-119.10867,0.0,0.0,353
 2018-01-24 22:51:07,35.31833,-119.10117,0.0,0.0,349
 2018-01-24 22:59:44,35.34167,-119.10950,0.0,0.0,357
 2018-01-24 23:01:07,35.31833,-119.10117,0.0,0.0,352
 2018-01-24 23:09:44,35.34167,-119.10950,209.0,0.0,370
 2018-01-24 23:11:07,35.31833,-119.10117,0.0,0.0,328
 2018-01-24 23:19:44,35.34167,-119.10967,209.0,0.0,349
 2018-01-24 23:21:07,35.31833,-119.10117,0.0,0.0,327
 2018-01-24 23:29:44,35.34167,-119.10950,209.0,0.0,347
 2018-01-24 23:31:07,35.31833,-119.10117,0.0,0.0,349
 2018-01-24 23:39:44,35.34167,-119.10967,0.0,0.0,362
 2018-01-24 23:41:07,35.31833,-119.10117,0.0,0.0,328
 2018-01-24 23:49:44,35.34167,-119.10967,0.0,0.0,359
 2018-01-24 23:51:07,35.31833,-119.10117,0.0,0.0,349
 2018-01-24 23:59:44,35.34167,-119.10967,0.0,0.0,363
 2018-01-25 00:01:07,35.31833,-119.10117,0.0,0.0,355
 2018-01-25 00:09:44,35.34167,-119.10950,349.0,0.0,418
 2018-01-25 00:11:07,35.31833,-119.10117,0.0,0.0,349
 2018-01-25 00:19:45,35.34167,-119.10950,44.0,0.0,342
 2018-01-25 00:21:08,35.31833,-119.10117,0.0,0.0,349
 2018-01-25 00:28:00,35.33967,-119.11250,271.0,26.0,362
 2018-01-25 00:29:00,35.33583,-119.11367,159.0,38.0,355
 2018-01-25 00:31:00,35.32050,-119.10917,180.0,44.0,269
 2018-01-25 00:31:07,35.31833,-119.10133,0.0,0.0,327
 2018-01-25 00:32:00,35.31867,-119.10583,63.0,29.0,352
 2018-01-25 00:33:00,35.31833,-119.10133,159.0,0.0,347
 2018-01-25 00:37:00,35.31833,-119.10117,0.0,0.0,355
 2018-01-25 00:38:01,35.31833,-119.10117,0.0,0.0,353
 2018-01-25 00:39:00,35.31833,-119.10117,0.0,0.0,353
 2018-01-25 00:40:00,35.31833,-119.10117,0.0,0.0,352
 2018-01-25 00:41:01,35.31833,-119.10117,0.0,0.0,354
 2018-01-25 00:41:08,35.31833,-119.10117,0.0,0.0,354
 2018-01-25 00:42:00,35.31833,-119.10117,0.0,0.0,388
 2018-01-25 00:43:00,35.31833,-119.10117,0.0,0.0,354
 2018-01-25 00:44:00,35.31833,-119.10083,73.0,1.0,353
 2018-01-25 00:45:01,35.31833,-119.10117,93.0,0.0,355
 2018-01-25 01:05:00,35.31833,-119.10117,0.0,3.0,327
 2018-01-25 01:15:03,35.31833,-119.10117,0.0,1.0,327
 2018-01-25 01:25:00,35.31833,-119.10117,0.0,0.0,350
 2018-01-25 01:35:00,35.31833,-119.10117,0.0,0.0,327
 2018-01-25 01:45:00,35.31833,-119.10117,0.0,0.0,354
 2018-01-25 01:55:00,35.31833,-119.10133,0.0,0.0,353
 2018-01-25 02:05:00,35.31833,-119.10133,0.0,0.0,353
 2018-01-25 02:15:00,35.31833,-119.10133,0.0,0.0,353
 2018-01-25 02:25:00,35.31833,-119.10133,0.0,0.0,349
 2018-01-25 02:35:00,35.31833,-119.10133,0.0,0.0,329
 2018-01-25 02:45:00,35.31833,-119.10133,0.0,0.0,347
 2018-01-25 02:55:00,35.31833,-119.10117,0.0,0.0,352
 2018-01-25 03:03:15,35.31867,-119.10133,66.0,0.0,355
 2018-01-25 03:05:20,35.31800,-119.09250,90.0,0.0,357
 2018-01-25 03:06:23,35.31950,-119.09083,51.0,8.0,355
 2018-01-25 03:07:20,35.32117,-119.09200,359.0,4.0,358
 2018-01-25 03:08:20,35.32000,-119.09200,127.0,12.0,359
 2018-01-25 03:09:20,35.31883,-119.09033,137.0,6.0,355
 2018-01-25 03:19:20,35.31867,-119.08950,0.0,1.0,272
 2018-01-25 03:29:20,35.31833,-119.10117,0.0,0.0,354
 2018-01-25 03:39:20,35.31833,-119.10117,0.0,0.0,352
 2018-01-25 03:49:21,35.31800,-119.10117,0.0,0.0,352
 2018-01-25 03:59:20,35.31833,-119.10117,0.0,0.0,353
 2018-01-25 04:09:20,35.31833,-119.10117,0.0,1.0,206
 2018-01-25 04:18:20,35.31833,-119.10117,0.0,0.0,348
 2018-01-25 04:19:21,35.31833,-119.10117,0.0,0.0,348
 2018-01-25 04:20:20,35.31833,-119.10117,0.0,0.0,348
 2018-01-25 04:21:20,35.31833,-119.10117,0.0,0.0,348
 2018-01-25 04:22:20,35.31833,-119.10117,0.0,0.0,348
 2018-01-25 04:23:20,35.31833,-119.10117,0.0,0.0,348
 2018-01-25 04:24:20,35.31833,-119.10117,0.0,0.0,348
 2018-01-25 04:25:20,35.31833,-119.10117,0.0,0.0,348
 2018-01-25 04:26:20,35.31833,-119.10117,0.0,0.0,348
 2018-01-25 04:27:20,35.31833,-119.10117,0.0,0.0,348
 2018-01-25 04:28:20,35.31833,-119.10117,0.0,0.0,348
 2018-01-25 04:29:20,35.31833,-119.10117,0.0,0.0,348
 2018-01-25 04:30:20,35.31833,-119.10117,0.0,0.0,348
 2018-01-25 04:31:20,35.31833,-119.10117,0.0,0.0,348
 2018-01-25 04:32:20,35.31833,-119.10117,0.0,0.0,348
 2018-01-25 04:33:20,35.31833,-119.10117,0.0,0.0,348
 2018-01-25 04:34:20,35.31833,-119.10117,0.0,0.0,348
 2018-01-25 04:35:20,35.31833,-119.10117,0.0,0.0,348
 2018-01-25 04:36:20,35.31833,-119.10117,0.0,0.0,348
 2018-01-25 04:37:20,35.31833,-119.10117,0.0,0.0,348
 2018-01-25 04:38:20,35.31833,-119.10117,0.0,0.0,348
 2018-01-25 04:39:20,35.31833,-119.10117,0.0,0.0,348
 2018-01-25 04:40:20,35.31833,-119.10117,0.0,0.0,348
 2018-01-25 04:41:20,35.31833,-119.10117,0.0,0.0,348
 2018-01-25 04:42:20,35.31833,-119.10117,0.0,0.0,348
 2018-01-25 04:43:20,35.31833,-119.10117,0.0,0.0,348
 2018-01-25 04:44:20,35.31833,-119.10117,0.0,0.0,348
 2018-01-25 04:45:21,35.31833,-119.10117,0.0,0.0,348
 2018-01-25 04:46:21,35.31833,-119.10117,0.0,0.0,348
 2018-01-25 04:47:20,35.31833,-119.10117,0.0,0.0,348
 2018-01-25 04:48:21,35.31833,-119.10117,0.0,0.0,348
 2018-01-25 04:49:20,35.31833,-119.10117,0.0,0.0,348
 2018-01-25 04:50:20,35.31833,-119.10117,0.0,0.0,348
 2018-01-25 04:51:20,35.31833,-119.10117,0.0,0.0,348
 2018-01-25 04:52:23,35.31800,-119.10117,0.0,2.0,352
 2018-01-25 04:53:20,35.31833,-119.10133,256.0,0.0,353
 2018-01-25 04:54:20,35.31833,-119.10117,39.0,0.0,353
 2018-01-25 04:55:20,35.31833,-119.10117,39.0,0.0,353
 2018-01-25 04:56:20,35.31833,-119.10117,39.0,0.0,353
 2018-01-25 04:57:20,35.31833,-119.10117,39.0,0.0,353
 2018-01-25 04:58:20,35.31833,-119.10117,39.0,0.0,353
 2018-01-25 04:59:20,35.31833,-119.10117,39.0,0.0,353
 2018-01-25 05:00:21,35.31833,-119.10117,39.0,0.0,353
 2018-01-25 05:01:20,35.31833,-119.10117,39.0,0.0,353
 2018-01-25 05:02:20,35.31833,-119.10117,39.0,0.0,353
 2018-01-25 05:03:20,35.31833,-119.10117,39.0,0.0,353
 2018-01-25 05:04:20,35.31833,-119.10117,39.0,0.0,353
 2018-01-25 05:05:20,35.31833,-119.10117,39.0,0.0,353
 2018-01-25 05:06:20,35.31833,-119.10117,39.0,0.0,353
 2018-01-25 05:07:20,35.31833,-119.10117,39.0,0.0,353
 2018-01-25 05:08:20,35.31833,-119.10117,39.0,0.0,353
 2018-01-25 05:09:20,35.31833,-119.10117,39.0,0.0,353
 2018-01-25 05:10:21,35.31833,-119.10117,39.0,0.0,353
 2018-01-25 05:11:20,35.31833,-119.10117,39.0,0.0,353
 2018-01-25 05:12:20,35.31833,-119.10117,39.0,0.0,353
 2018-01-25 05:13:20,35.31833,-119.10117,39.0,0.0,353
 2018-01-25 05:14:21,35.31833,-119.10117,39.0,0.0,353
 2018-01-25 05:15:20,35.31833,-119.10117,39.0,0.0,353
 2018-01-25 05:16:20,35.31833,-119.10117,39.0,0.0,353
 2018-01-25 05:17:21,35.31833,-119.10117,39.0,0.0,353
 2018-01-25 05:18:21,35.31833,-119.10117,39.0,0.0,353
 2018-01-25 05:19:20,35.31833,-119.10117,39.0,0.0,353
 2018-01-25 05:20:20,35.31833,-119.10117,39.0,0.0,353
 2018-01-25 05:21:20,35.31833,-119.10117,39.0,0.0,353
 2018-01-25 05:22:20,35.31833,-119.10117,39.0,0.0,353
 2018-01-25 05:23:20,35.31833,-119.10117,39.0,0.0,353
 2018-01-25 05:24:20,35.31833,-119.10117,39.0,0.0,353
 2018-01-25 05:25:21,35.31833,-119.10117,39.0,0.0,353
 2018-01-25 05:26:20,35.31833,-119.10117,39.0,0.0,353
 2018-01-25 05:27:20,35.31833,-119.10117,39.0,0.0,353
 2018-01-25 05:28:20,35.31833,-119.10117,39.0,0.0,353
 2018-01-25 05:29:20,35.31833,-119.10117,39.0,0.0,353
 2018-01-25 05:30:20,35.31833,-119.10117,39.0,0.0,353
 2018-01-25 05:31:20,35.31833,-119.10117,39.0,0.0,353
 2018-01-25 05:32:20,35.31833,-119.10117,39.0,0.0,353
 2018-01-25 05:33:21,35.31833,-119.10117,39.0,0.0,353
 2018-01-25 05:34:20,35.31833,-119.10117,39.0,0.0,353
 2018-01-25 05:35:20,35.31833,-119.10117,39.0,0.0,353
 2018-01-25 05:36:20,35.31833,-119.10117,39.0,0.0,353
 2018-01-25 05:37:20,35.31833,-119.10117,39.0,0.0,353
 2018-01-25 05:38:20,35.31833,-119.10117,39.0,0.0,353
 2018-01-25 05:39:20,35.31833,-119.10117,39.0,0.0,353
 2018-01-25 05:40:20,35.31833,-119.10117,39.0,0.0,353
 2018-01-25 05:41:20,35.31833,-119.10117,39.0,0.0,353
 2018-01-25 05:42:20,35.31833,-119.10117,39.0,0.0,353
 2018-01-25 05:43:20,35.31833,-119.10117,39.0,0.0,353
 2018-01-25 05:44:20,35.31833,-119.10117,39.0,0.0,353
 2018-01-25 05:45:20,35.31833,-119.10117,39.0,0.0,353
 2018-01-25 05:46:20,35.31833,-119.10117,39.0,0.0,353
 2018-01-25 05:47:20,35.31833,-119.10117,39.0,0.0,353
 2018-01-25 05:48:20,35.31833,-119.10117,39.0,0.0,353
 2018-01-25 05:49:21,35.31833,-119.10117,39.0,0.0,353
 2018-01-25 05:50:20,35.31833,-119.10117,39.0,0.0,353
 2018-01-25 05:51:20,35.31833,-119.10117,39.0,0.0,353
 2018-01-25 05:52:20,35.31833,-119.10117,39.0,0.0,353
 2018-01-25 05:53:20,35.31833,-119.10117,39.0,0.0,353
 2018-01-25 05:54:20,35.31833,-119.10117,39.0,0.0,353
 2018-01-25 05:55:20,35.31833,-119.10117,39.0,0.0,353
 2018-01-25 05:56:20,35.31833,-119.10117,39.0,0.0,353
 2018-01-25 05:57:20,35.31833,-119.10117,39.0,0.0,353
 2018-01-25 05:58:20,35.31833,-119.10117,39.0,0.0,353
 2018-01-25 05:59:20,35.31833,-119.10117,39.0,0.0,353
 2018-01-25 06:00:20,35.31833,-119.10117,39.0,0.0,353
 2018-01-25 06:01:20,35.31833,-119.10117,39.0,0.0,353
 2018-01-25 06:02:20,35.31833,-119.10117,39.0,0.0,353
 2018-01-25 06:03:20,35.31833,-119.10117,39.0,0.0,353
 2018-01-25 06:04:20,35.31833,-119.10117,39.0,0.0,353
 2018-01-25 06:05:20,35.31833,-119.10117,39.0,0.0,353
 2018-01-25 06:06:20,35.31833,-119.10117,39.0,0.0,353
 2018-01-25 06:07:20,35.31833,-119.10117,39.0,0.0,353
 2018-01-25 06:08:20,35.31833,-119.10117,39.0,0.0,353
 2018-01-25 06:09:20,35.31833,-119.10117,39.0,0.0,353
 2018-01-25 06:10:20,35.31833,-119.10117,39.0,0.0,353
 2018-01-25 06:11:21,35.31833,-119.10117,39.0,0.0,353
 2018-01-25 06:12:20,35.31833,-119.10117,39.0,0.0,353
 2018-01-25 06:13:21,35.31833,-119.10117,213.0,0.0,353
 2018-01-25 06:14:20,35.31833,-119.10117,18.0,0.0,354
 2018-01-25 06:15:20,35.31833,-119.10117,186.0,0.0,353
 2018-01-25 06:16:20,35.31833,-119.10117,233.0,0.0,353
 2018-01-25 06:17:20,35.31833,-119.10117,336.0,0.0,354
 2018-01-25 06:18:20,35.31833,-119.10133,195.0,1.0,354
 2018-01-25 06:19:20,35.31833,-119.10117,357.0,0.0,355
 2018-01-25 06:20:20,35.31833,-119.10117,35.0,0.0,355
 2018-01-25 06:21:20,35.31833,-119.10117,123.0,1.0,354
 2018-01-25 06:22:20,35.31833,-119.10117,126.0,0.0,354
 2018-01-25 06:23:20,35.31833,-119.10117,208.0,1.0,352
 2018-01-25 06:24:20,35.31800,-119.10117,220.0,1.0,352
 2018-01-25 06:25:20,35.31800,-119.10117,150.0,0.0,352
 2018-01-25 06:26:20,35.31833,-119.10117,123.0,1.0,352
 2018-01-25 06:27:20,35.31833,-119.10117,148.0,0.0,352
 2018-01-25 06:28:20,35.31833,-119.10117,151.0,0.0,353
 2018-01-25 06:29:20,35.31833,-119.10117,205.0,0.0,352
 2018-01-25 06:30:21,35.31833,-119.10117,139.0,0.0,352
 2018-01-25 06:31:20,35.31833,-119.10117,138.0,0.0,352
 2018-01-25 06:32:20,35.31833,-119.10117,208.0,0.0,352
 2018-01-25 06:33:20,35.31833,-119.10117,153.0,0.0,353
 2018-01-25 06:34:20,35.31833,-119.10117,171.0,0.0,353
 2018-01-25 06:35:20,35.31833,-119.10117,189.0,1.0,352
 2018-01-25 06:36:20,35.31800,-119.10117,262.0,2.0,352
 2018-01-25 06:37:20,35.31800,-119.10133,198.0,3.0,352
 2018-01-25 06:38:20,35.31800,-119.10133,266.0,0.0,352
 2018-01-25 06:39:20,35.31800,-119.10133,266.0,0.0,352
 2018-01-25 06:40:20,35.31783,-119.10133,169.0,0.0,352
 2018-01-25 06:41:20,35.31783,-119.10133,223.0,0.0,352
 2018-01-25 06:41:58,35.31783,-119.10117,171.0,2.0,352
 2018-01-25 06:42:28,35.31783,-119.10117,197.0,1.0,352
 2018-01-25 06:42:59,35.31783,-119.10117,178.0,0.0,352
 2018-01-25 06:44:29,35.31833,-119.10117,0.0,0.0,355
 2018-01-25 06:45:29,35.31833,-119.10117,0.0,0.0,353
 2018-01-25 06:46:29,35.31800,-119.10117,147.0,0.0,352
 2018-01-25 06:47:29,35.31833,-119.10133,278.0,0.0,353
 2018-01-25 06:48:29,35.31833,-119.10117,220.0,0.0,353
 2018-01-25 06:49:31,35.31833,-119.10117,87.0,0.0,353
 2018-01-25 06:50:29,35.31833,-119.10117,9.0,0.0,353
 2018-01-25 06:51:29,35.31833,-119.10117,65.0,0.0,353
 2018-01-25 06:52:29,35.31833,-119.10117,105.0,0.0,353
 2018-01-25 06:53:29,35.31833,-119.10117,121.0,0.0,353
 2018-01-25 06:54:29,35.31833,-119.10117,136.0,0.0,353
 2018-01-25 06:55:29,35.31833,-119.10117,136.0,0.0,353
 2018-01-25 06:56:29,35.31833,-119.10117,136.0,0.0,353
 2018-01-25 06:57:29,35.31833,-119.10117,136.0,0.0,353
 2018-01-25 06:58:29,35.31833,-119.10117,136.0,0.0,353
 2018-01-25 06:59:29,35.31833,-119.10117,136.0,0.0,353
 2018-01-25 07:00:29,35.31833,-119.10117,136.0,0.0,353
 2018-01-25 07:01:29,35.31833,-119.10117,136.0,0.0,353
 2018-01-25 07:02:29,35.31833,-119.10117,136.0,0.0,353
 2018-01-25 07:03:29,35.31833,-119.10117,136.0,0.0,353
 2018-01-25 07:04:29,35.31833,-119.10117,136.0,0.0,353
 2018-01-25 07:05:29,35.31833,-119.10117,136.0,0.0,353
 2018-01-25 07:06:29,35.31833,-119.10117,136.0,0.0,353
 2018-01-25 07:07:29,35.31833,-119.10117,136.0,0.0,353
 2018-01-25 07:08:29,35.31833,-119.10117,136.0,0.0,353
 2018-01-25 07:09:29,35.31833,-119.10117,136.0,0.0,353
 2018-01-25 07:10:29,35.31833,-119.10117,136.0,0.0,353
 2018-01-25 07:11:29,35.31833,-119.10117,136.0,0.0,353
 2018-01-25 07:12:29,35.31833,-119.10117,136.0,0.0,353
 2018-01-25 07:13:29,35.31833,-119.10117,136.0,0.0,353
 2018-01-25 07:14:29,35.31833,-119.10117,136.0,0.0,353
 2018-01-25 07:15:29,35.31833,-119.10117,136.0,0.0,353
 2018-01-25 07:16:29,35.31833,-119.10117,136.0,0.0,353
 2018-01-25 07:17:29,35.31833,-119.10117,136.0,0.0,353
 2018-01-25 07:18:31,35.31833,-119.10117,136.0,0.0,353
 2018-01-25 07:19:30,35.31833,-119.10117,136.0,0.0,353
 2018-01-25 07:20:30,35.31833,-119.10117,136.0,0.0,353
 2018-01-25 07:21:29,35.31833,-119.10117,136.0,0.0,353
 2018-01-25 07:22:29,35.31833,-119.10117,136.0,0.0,353
 2018-01-25 07:23:29,35.31833,-119.10117,136.0,0.0,353
 2018-01-25 07:24:29,35.31833,-119.10117,136.0,0.0,353
 2018-01-25 07:25:29,35.31833,-119.10117,136.0,0.0,353
 2018-01-25 07:26:29,35.31833,-119.10117,136.0,0.0,353
 2018-01-25 07:27:29,35.31833,-119.10117,136.0,0.0,353
 2018-01-25 07:28:29,35.31833,-119.10117,136.0,0.0,353
 2018-01-25 07:29:29,35.31833,-119.10117,136.0,0.0,353
 2018-01-25 07:30:29,35.31833,-119.10117,136.0,0.0,353
 2018-01-25 07:31:29,35.31833,-119.10117,136.0,0.0,353
 2018-01-25 07:32:29,35.31833,-119.10117,136.0,0.0,353
 2018-01-25 07:33:30,35.31833,-119.10117,136.0,0.0,353
 2018-01-25 07:34:30,35.31833,-119.10117,136.0,0.0,353
 2018-01-25 07:35:29,35.31833,-119.10117,136.0,0.0,353
 2018-01-25 07:36:29,35.31833,-119.10117,136.0,0.0,353
 2018-01-25 07:37:29,35.31833,-119.10117,136.0,0.0,353
 2018-01-25 07:38:30,35.31833,-119.10117,136.0,0.0,353
 2018-01-25 07:39:29,35.31833,-119.10117,136.0,0.0,353
 2018-01-25 07:49:29,35.31833,-119.10117,0.0,0.0,348
 2018-01-25 07:59:29,35.31833,-119.10117,0.0,0.0,348
 2018-01-25 08:09:29,35.31833,-119.10133,0.0,0.0,338
 2018-01-25 08:19:29,35.31833,-119.10133,0.0,0.0,348
 2018-01-25 08:29:29,35.31833,-119.10117,0.0,0.0,350
 2018-01-25 08:39:29,35.31833,-119.10117,0.0,0.0,328
 2018-01-25 08:49:29,35.31833,-119.10117,0.0,0.0,348
 2018-01-25 08:59:29,35.31833,-119.10117,0.0,0.0,348
 2018-01-25 09:09:29,35.31867,-119.10117,0.0,0.0,258
 2018-01-25 09:19:33,35.31833,-119.10117,0.0,0.0,329
 2018-01-25 09:29:29,35.31833,-119.10083,0.0,0.0,327
 2018-01-25 09:39:29,35.31833,-119.10133,0.0,0.0,403
 2018-01-25 09:49:29,35.31833,-119.10117,0.0,0.0,330
 2018-01-25 09:59:29,35.31833,-119.10117,0.0,0.0,328
 2018-01-25 10:09:29,35.31833,-119.10083,0.0,0.0,328
 2018-01-25 10:19:29,35.31833,-119.10117,0.0,0.0,347
 2018-01-25 10:29:29,35.31833,-119.10117,0.0,0.0,348
 2018-01-25 10:39:29,35.31833,-119.10117,0.0,0.0,348
 2018-01-25 10:49:29,35.31833,-119.10117,0.0,0.0,348
 2018-01-25 10:59:29,35.31833,-119.10117,0.0,0.0,348
 2018-01-25 11:09:29,35.31833,-119.10117,0.0,0.0,328
 2018-01-25 11:19:29,35.31833,-119.10117,0.0,0.0,348
 2018-01-25 11:29:29,35.31833,-119.10117,0.0,0.0,328
 2018-01-25 11:39:29,35.31833,-119.10117,0.0,0.0,328
 2018-01-25 11:49:30,35.31833,-119.10117,0.0,0.0,328
 2018-01-25 11:59:29,35.31833,-119.10117,0.0,0.0,348
 2018-01-25 12:09:29,35.31833,-119.10117,0.0,0.0,343
 2018-01-25 12:19:29,35.31833,-119.10117,0.0,0.0,204
 2018-01-25 12:29:29,35.31833,-119.10117,0.0,0.0,348
 2018-01-25 12:39:30,35.31833,-119.10117,0.0,0.0,328
 2018-01-25 12:49:29,35.31833,-119.10133,0.0,0.0,328
 2018-01-25 12:59:29,35.31833,-119.10117,0.0,0.0,328
 2018-01-25 13:09:29,35.31833,-119.10117,0.0,0.0,348
 2018-01-25 13:19:29,35.31833,-119.10117,0.0,0.0,329
 2018-01-25 13:29:29,35.31833,-119.10133,0.0,0.0,328
 2018-01-25 13:39:29,35.31867,-119.10117,0.0,0.0,322
 2018-01-25 13:49:29,35.31833,-119.10117,0.0,0.0,353
 2018-01-25 13:51:03,35.31833,-119.10117,0.0,0.0,353
 2018-01-25 14:01:02,35.31833,-119.10133,0.0,0.0,353
 2018-01-25 14:11:02,35.31833,-119.10117,0.0,0.0,354
 2018-01-25 14:21:03,35.31833,-119.10117,0.0,0.0,354
 2018-01-25 14:22:03,35.31833,-119.10117,0.0,0.0,354
 2018-01-25 14:23:03,35.31833,-119.10117,0.0,0.0,354
 2018-01-25 14:24:03,35.31833,-119.10117,0.0,0.0,354
 2018-01-25 14:25:02,35.31833,-119.10117,0.0,0.0,354
 2018-01-25 14:26:02,35.31833,-119.10117,0.0,0.0,354
 2018-01-25 14:27:02,35.31833,-119.10117,54.0,0.0,353
 2018-01-25 14:28:02,35.31833,-119.10117,0.0,0.0,353
 2018-01-25 14:29:02,35.31833,-119.10083,50.0,0.0,354
 2018-01-25 14:30:03,35.31833,-119.10117,88.0,1.0,355
 2018-01-25 14:31:03,35.31833,-119.10117,87.0,0.0,354
 2018-01-25 14:32:02,35.31833,-119.10117,110.0,0.0,354
 2018-01-25 14:33:03,35.31833,-119.10117,94.0,0.0,354
 2018-01-25 14:34:02,35.31833,-119.10117,24.0,0.0,354
 2018-01-25 14:35:02,35.31833,-119.10117,146.0,0.0,355
 2018-01-25 14:36:02,35.31833,-119.10133,288.0,0.0,354
 2018-01-25 14:37:02,35.31833,-119.10133,354.0,0.0,354
 2018-01-25 14:38:02,35.31833,-119.10133,266.0,0.0,354
 2018-01-25 14:39:02,35.31833,-119.10117,95.0,0.0,354
 2018-01-25 14:40:02,35.31833,-119.10117,144.0,0.0,353
 2018-01-25 14:41:03,35.31833,-119.10117,315.0,0.0,354
 2018-01-25 14:42:02,35.31833,-119.10133,308.0,0.0,353
 2018-01-25 14:43:03,35.31833,-119.10117,305.0,0.0,353
 2018-01-25 14:44:03,35.31833,-119.10117,322.0,0.0,353
 2018-01-25 14:45:02,35.31833,-119.10117,321.0,0.0,353
 2018-01-25 14:46:02,35.31833,-119.10117,359.0,0.0,354
 2018-01-25 14:47:02,35.31833,-119.10117,359.0,0.0,354
 2018-01-25 14:48:02,35.31833,-119.10117,359.0,0.0,354
 2018-01-25 14:58:02,35.31833,-119.10117,0.0,0.0,348
 2018-01-25 15:08:02,35.31800,-119.10117,0.0,0.0,331
 2018-01-25 15:18:02,35.31833,-119.10117,0.0,1.0,353
 2018-01-25 15:28:02,35.33950,-119.10417,90.0,4.0,365
 2018-01-25 15:38:02,35.34200,-119.10967,0.0,0.0,357
 2018-01-25 15:48:03,35.34167,-119.10950,80.0,0.0,335
 2018-01-25 15:58:03,35.34200,-119.10950,0.0,0.0,357
 2018-01-25 16:08:03,35.34167,-119.10950,80.0,0.0,365
 2018-01-25 16:18:03,35.34200,-119.10950,0.0,0.0,357
 2018-01-25 16:28:02,35.34133,-119.10833,117.0,1.0,358
 2018-01-25 16:38:03,35.34050,-119.10333,0.0,1.0,336
 2018-01-25 16:48:02,35.34133,-119.10783,279.0,4.0,358
 2018-01-25 16:58:03,35.34167,-119.10950,0.0,1.0,335
 2018-01-25 17:08:02,35.34200,-119.10967,0.0,0.0,358
 2018-01-25 17:16:02,35.35133,-119.11417,359.0,0.0,365
 2018-01-25 17:17:03,35.35783,-119.11583,354.0,44.0,348
 2018-01-25 17:17:44,35.36467,-119.11450,33.0,50.0,360
 2018-01-25 17:18:14,35.36967,-119.10967,14.0,30.0,368
 2018-01-25 17:18:44,35.36967,-119.10867,104.0,0.0,369
 2018-01-25 17:20:17,35.36967,-119.10800,0.0,0.0,371
 2018-01-25 17:36:26,35.36950,-119.10833,0.0,0.0,364
 2018-01-25 17:46:26,35.36967,-119.10800,0.0,0.0,365
 2018-01-25 17:56:22,35.36967,-119.10867,0.0,0.0,369
 2018-01-25 17:58:22,35.36867,-119.11000,273.0,0.0,368
 2018-01-25 17:59:22,35.36367,-119.11533,203.0,41.0,365
 2018-01-25 18:00:23,35.35500,-119.11550,166.0,36.0,348
 2018-01-25 18:02:22,35.34450,-119.11417,179.0,0.0,361
 2018-01-25 18:03:22,35.34250,-119.11083,200.0,18.0,361
 2018-01-25 18:04:22,35.34167,-119.11050,157.0,1.0,360
 2018-01-25 18:14:23,35.34200,-119.10950,0.0,0.0,350
 2018-01-25 18:24:22,35.34167,-119.10950,0.0,0.0,358
 2018-01-25 18:34:22,35.34167,-119.10950,0.0,0.0,358
 2018-01-25 18:44:22,35.34200,-119.10967,0.0,0.0,338
 2018-01-25 18:54:22,35.34200,-119.10950,0.0,0.0,360
 2018-01-25 19:04:23,35.34200,-119.10967,0.0,0.0,362
 2018-01-25 19:14:23,35.34167,-119.10950,0.0,0.0,353
 2018-01-25 19:24:23,35.34200,-119.11000,0.0,0.0,362
 2018-01-25 19:34:22,35.34167,-119.10950,0.0,0.0,357
 2018-01-25 19:41:22,35.34367,-119.09450,0.0,10.0,358
 2018-01-25 19:42:22,35.34283,-119.09450,0.0,0.0,358
 2018-01-25 19:43:22,35.35500,-119.08000,0.0,0.0,367
 2018-01-25 19:44:22,35.35367,-119.06667,0.0,0.0,332
 2018-01-25 19:45:22,35.35300,-119.06633,0.0,0.0,332
 2018-01-25 19:46:22,35.36033,-119.06033,0.0,0.0,377
 2018-01-25 19:47:22,35.36550,-119.05367,359.0,36.0,323
 2018-01-25 19:48:22,35.36750,-119.04467,0.0,0.0,367
 2018-01-25 19:49:22,35.36750,-119.04450,0.0,0.0,385
 2018-01-25 19:50:22,35.36750,-119.04450,0.0,0.0,386
 2018-01-25 20:00:22,35.36783,-119.04467,0.0,0.0,425
 2018-01-25 20:10:22,35.36750,-119.04467,0.0,0.0,333
 2018-01-25 20:20:22,35.36783,-119.04467,0.0,0.0,363
 2018-01-25 20:30:23,35.34883,-119.06117,180.0,45.0,359
 2018-01-25 20:40:22,35.34167,-119.10950,0.0,1.0,335
 2018-01-25 20:50:23,35.34167,-119.10950,0.0,0.0,358
 2018-01-25 21:00:23,35.34167,-119.10950,0.0,0.0,358
 2018-01-25 21:20:22,35.34167,-119.10950,0.0,0.0,358
 2018-01-25 21:30:22,35.34167,-119.10950,0.0,0.0,358
 2018-01-25 21:40:23,35.34167,-119.10917,0.0,0.0,335
 2018-01-25 21:50:22,35.34167,-119.10950,0.0,0.0,358
 2018-01-25 22:00:23,35.34200,-119.10967,0.0,0.0,358
 2018-01-26 02:14:01,35.41000,-119.09283,0.0,0.0,393
 2018-01-26 02:15:38,35.41000,-119.09283,0.0,0.0,363
 2018-01-26 02:17:51,35.40967,-119.09300,0.0,1.0,363
 2018-01-26 02:17:58,35.40967,-119.09300,0.0,0.0,363
 2018-01-26 16:07:50,35.34167,-119.10950,0.0,0.0,358
 2018-01-26 16:09:34,35.34167,-119.10917,0.0,0.0,458
 2018-01-26 16:19:34,35.34167,-119.10917,0.0,0.0,458
 2018-01-26 16:29:35,35.34167,-119.10917,0.0,0.0,458
 2018-01-26 16:39:34,35.34167,-119.10917,0.0,0.0,458
 2018-01-26 16:42:53,35.34167,-119.10950,0.0,0.0,357
 2018-01-26 16:52:52,35.34167,-119.10950,0.0,0.0,358
 2018-01-26 17:59:20,35.34167,-119.10950,0.0,0.0,341
 2018-01-26 18:00:20,35.34167,-119.10950,0.0,0.0,341
 2018-01-26 18:01:20,35.34167,-119.10950,0.0,0.0,341
 2018-01-26 18:03:16,35.34167,-119.10950,0.0,0.0,362
 2018-01-26 18:13:16,35.34167,-119.10950,0.0,0.0,362
 2018-01-26 18:23:16,35.34167,-119.10950,0.0,0.0,362
 2018-01-26 18:33:16,35.34167,-119.10950,0.0,0.0,362
 2018-01-26 18:43:16,35.34167,-119.10950,0.0,0.0,358
 2018-01-26 18:53:16,35.34167,-119.10950,0.0,0.0,358
 2018-01-26 19:03:16,35.34167,-119.10950,0.0,0.0,358
 2018-01-26 19:13:16,35.34167,-119.10950,0.0,0.0,358
 2018-01-26 19:23:16,35.34167,-119.10950,0.0,0.0,358
 2018-01-26 19:33:16,35.34167,-119.10950,0.0,0.0,358
 2018-01-26 19:43:16,35.34167,-119.10950,0.0,0.0,358
 2018-01-26 19:53:16,35.34167,-119.10950,0.0,0.0,358
 2018-01-26 20:03:16,35.34167,-119.10950,0.0,0.0,358
 2018-01-26 20:13:06,35.35450,-119.10750,270.0,47.0,388
 2018-01-26 20:18:52,35.36967,-119.10800,0.0,0.0,320
 2018-01-26 20:28:51,35.36967,-119.10800,0.0,0.0,340
 2018-01-26 20:38:51,35.37000,-119.10800,0.0,1.0,428
 2018-01-26 20:42:41,35.36967,-119.10800,0.0,0.0,371
 2018-01-26 20:52:42,35.36917,-119.10833,178.0,6.0,409
 2018-01-26 21:02:41,35.34167,-119.10950,0.0,0.0,358
 2018-01-26 21:12:42,35.34167,-119.10950,0.0,0.0,358
 2018-01-26 21:22:42,35.34167,-119.10950,0.0,0.0,358
 2018-01-26 21:32:42,35.34167,-119.10917,0.0,0.0,459
 2018-01-26 21:42:42,35.34167,-119.10950,0.0,0.0,358
 2018-01-26 21:52:42,35.34167,-119.10950,0.0,0.0,358
 2018-01-26 22:02:42,35.34133,-119.10917,0.0,0.0,305
 2018-01-26 22:12:42,35.34167,-119.10967,0.0,0.0,321
 2018-01-26 22:22:42,35.34217,-119.10883,0.0,1.0,553
 2018-01-26 22:32:42,35.34167,-119.10950,0.0,0.0,358
 2018-01-26 22:42:42,35.34200,-119.10917,0.0,0.0,504
 2018-01-26 22:52:42,35.34167,-119.10917,0.0,0.0,414
 2018-01-26 23:02:42,35.34167,-119.10950,0.0,0.0,358
 2018-01-26 23:12:42,35.34167,-119.11033,257.0,1.0,361
 2018-01-26 23:15:42,35.34417,-119.11367,274.0,4.0,352
 2018-01-26 23:16:43,35.34550,-119.11417,359.0,37.0,362
 2018-01-26 23:17:44,35.35133,-119.11417,359.0,13.0,364
 2018-01-26 23:18:44,35.35333,-119.11467,341.0,18.0,363
 2018-01-26 23:19:43,35.36217,-119.11550,14.0,36.0,348
 2018-01-26 23:20:42,35.36867,-119.11117,275.0,25.0,368
 2018-01-26 23:21:42,35.36883,-119.12333,270.0,42.0,362
 2018-01-26 23:22:43,35.37283,-119.12783,359.0,14.0,361
 2018-01-26 23:23:43,35.37383,-119.12950,90.0,25.0,362
 2018-01-26 23:24:42,35.36917,-119.12783,180.0,0.0,362
 2018-01-26 23:25:42,35.36883,-119.12667,90.0,30.0,362
 2018-01-26 23:26:42,35.36867,-119.11333,91.0,38.0,318
 2018-01-26 23:27:41,35.36867,-119.11050,97.0,0.0,368
 2018-01-26 23:28:42,35.36867,-119.11050,98.0,0.0,368
 2018-01-26 23:29:41,35.37367,-119.11000,349.0,30.0,369
 2018-01-26 23:30:41,35.38250,-119.10967,357.0,19.0,371
 2018-01-26 23:31:41,35.38283,-119.10967,357.0,1.0,372
 2018-01-26 23:32:42,35.38783,-119.10967,0.0,39.0,348
 2018-01-26 23:33:41,35.39333,-119.10967,359.0,50.0,346
 2018-01-26 23:34:42,35.40000,-119.10967,0.0,33.0,353
 2018-01-26 23:35:41,35.40500,-119.10967,359.0,0.0,382
 2018-01-26 23:36:46,35.40450,-119.11617,270.0,25.0,372
 2018-01-26 23:37:42,35.40450,-119.11883,0.0,29.0,366
 2018-01-26 23:38:42,35.40533,-119.11000,87.0,0.0,381
 2018-01-26 23:39:41,35.41083,-119.10967,0.0,38.0,386
 2018-01-26 23:40:41,35.42000,-119.11000,357.0,28.0,386
 2018-01-26 23:41:41,35.42700,-119.10783,90.0,36.0,389
 2018-01-26 23:42:41,35.42700,-119.09333,90.0,42.0,402
 2018-01-26 23:43:42,35.42700,-119.07800,90.0,44.0,423
 2018-01-26 23:44:42,35.42700,-119.06833,85.0,6.0,437
 2018-01-26 23:45:42,35.42133,-119.06117,130.0,0.0,432
 2018-01-26 23:46:42,35.42033,-119.05867,113.0,17.0,432
 2018-01-26 23:47:41,35.41950,-119.04633,91.0,37.0,440
 2018-01-26 23:48:41,35.41917,-119.03950,90.0,0.0,449
 2018-01-26 23:49:42,35.42083,-119.03883,1.0,35.0,454
 2018-01-26 23:50:42,35.42633,-119.03967,313.0,19.0,451
 2018-01-26 23:51:42,35.42583,-119.04000,186.0,11.0,445
 2018-01-26 23:52:42,35.42617,-119.04083,308.0,0.0,487
 2018-01-27 00:02:42,35.42617,-119.04117,0.0,0.0,434
 2018-01-27 01:04:50,35.41217,-119.05533,272.0,26.0,434
 2018-01-27 01:05:20,35.41217,-119.05700,270.0,4.0,428
 2018-01-27 01:05:50,35.41217,-119.05717,270.0,17.0,428
 2018-01-27 01:06:08,35.41217,-119.05867,269.0,0.0,422
 2018-01-27 01:06:50,35.41217,-119.05833,268.0,0.0,422
 2018-01-27 01:07:20,35.41217,-119.05833,268.0,0.0,422
 2018-01-27 01:07:50,35.40883,-119.05867,179.0,39.0,422
 2018-01-27 01:08:20,35.40550,-119.05867,245.0,13.0,422
 2018-01-27 01:08:50,35.40200,-119.06367,243.0,41.0,414
 2018-01-27 01:09:20,35.40133,-119.06800,269.0,41.0,409
 2018-01-27 01:09:50,35.40133,-119.07367,268.0,7.0,404
 2018-01-27 01:10:20,35.40133,-119.07667,269.0,43.0,399
 2018-01-27 01:10:50,35.40133,-119.08250,270.0,10.0,392
 2018-01-27 01:12:33,35.40133,-119.08250,270.0,2.0,392
 2018-01-27 01:22:33,35.40133,-119.08250,270.0,2.0,392
 2018-01-27 01:32:33,35.40133,-119.08250,270.0,2.0,392
 2018-01-27 01:38:33,35.40133,-119.08250,270.0,2.0,392
 2018-01-27 01:39:33,35.40133,-119.08250,270.0,2.0,392
 2018-01-27 01:40:33,35.40133,-119.08250,270.0,2.0,392
 2018-01-27 01:41:32,35.40133,-119.08250,270.0,2.0,392
 2018-01-27 01:42:33,35.40133,-119.08250,270.0,2.0,392
 2018-01-27 01:43:33,35.40133,-119.08250,270.0,2.0,392
 2018-01-27 01:44:33,35.40133,-119.08250,270.0,2.0,392
 2018-01-27 01:46:33,35.40133,-119.08250,270.0,2.0,392
 2018-01-27 01:47:32,35.40133,-119.08250,270.0,2.0,392
 2018-01-27 01:57:33,35.40133,-119.08250,270.0,2.0,392
 2018-01-27 02:07:32,35.40133,-119.08250,270.0,2.0,392
 2018-01-27 02:17:33,35.40133,-119.08250,270.0,2.0,392
 2018-01-27 02:27:33,35.40133,-119.08250,270.0,2.0,392
 2018-01-27 02:37:33,35.40133,-119.08250,270.0,2.0,392
 2018-01-27 02:47:33,35.40133,-119.08250,270.0,2.0,392
 2018-01-27 02:57:33,35.40133,-119.08250,270.0,2.0,392
 2018-01-27 03:07:33,35.40133,-119.08250,270.0,2.0,392
 2018-01-27 03:17:33,35.40133,-119.08250,270.0,2.0,392
 2018-01-27 03:27:33,35.40133,-119.08250,270.0,2.0,392
 2018-01-27 03:37:33,35.40133,-119.08250,270.0,2.0,392
 2018-01-27 03:47:33,35.40133,-119.08250,270.0,2.0,392
 2018-01-27 03:57:33,35.40133,-119.08250,270.0,2.0,392
 2018-01-27 04:07:33,35.40133,-119.08250,270.0,2.0,392
 2018-01-27 07:32:04,35.39700,-119.09217,180.0,41.0,393
 2018-01-27 07:32:34,35.39133,-119.09217,179.0,42.0,390
 2018-01-27 07:33:04,35.38550,-119.09217,180.0,41.0,382
 2018-01-27 07:33:34,35.38367,-119.09217,177.0,0.0,386
 2018-01-27 07:34:03,35.38033,-119.09217,189.0,41.0,380
 2018-01-27 07:34:34,35.37467,-119.09367,169.0,42.0,378
 2018-01-27 07:35:04,35.36917,-119.09217,180.0,38.0,378
 2018-01-27 07:35:34,35.36367,-119.09167,176.0,41.0,375
 2018-01-27 07:36:04,35.35833,-119.09217,178.0,44.0,369
 2018-01-27 07:36:33,35.35283,-119.09217,178.0,41.0,371
 2018-01-27 07:37:04,35.34633,-119.09217,179.0,48.0,367
 2018-01-27 07:37:34,35.33967,-119.09217,180.0,45.0,368
 2018-01-27 07:38:03,35.33333,-119.09217,180.0,44.0,363
 2018-01-27 07:38:34,35.32717,-119.09217,178.0,40.0,361
 2018-01-27 07:40:18,35.32533,-119.09200,179.0,25.0,355
 2018-01-27 07:46:18,35.31867,-119.08967,102.0,9.0,355
 2018-01-27 07:46:23,35.31833,-119.08950,174.0,11.0,355
 2018-01-27 07:46:53,35.31800,-119.09533,268.0,43.0,359
 2018-01-27 07:47:24,35.31833,-119.09833,220.0,16.0,352
 2018-01-27 07:47:54,35.31800,-119.09917,11.0,17.0,351
 2018-01-27 07:48:24,35.31833,-119.10133,184.0,9.0,353
 2018-01-27 07:50:05,35.31833,-119.10133,0.0,0.0,348
 2018-01-27 07:51:41,35.31833,-119.10117,9.0,0.0,354
 2018-01-27 07:55:41,35.31833,-119.10117,0.0,0.0,348
 2018-01-27 07:56:41,35.31833,-119.10117,0.0,0.0,348
 2018-01-27 07:57:41,35.31833,-119.10117,0.0,0.0,348
 2018-01-27 07:58:41,35.31833,-119.10117,0.0,0.0,348
 2018-01-27 07:59:41,35.31833,-119.10117,0.0,0.0,348
 2018-01-27 08:00:41,35.31833,-119.10117,0.0,0.0,348
 2018-01-27 08:01:41,35.31833,-119.10117,0.0,0.0,348
 2018-01-27 08:02:41,35.31833,-119.10117,0.0,0.0,348
 2018-01-27 08:03:41,35.31833,-119.10117,0.0,0.0,348
 2018-01-27 08:04:40,35.31833,-119.10117,0.0,0.0,348
 2018-01-27 08:05:40,35.31833,-119.10117,0.0,0.0,348
 2018-01-27 08:06:40,35.31833,-119.10117,0.0,0.0,348
 2018-01-27 08:07:41,35.31833,-119.10117,0.0,0.0,348
 2018-01-27 08:08:41,35.31833,-119.10117,0.0,0.0,348
 2018-01-27 08:09:40,35.31833,-119.10117,0.0,0.0,348
 2018-01-27 08:10:40,35.31833,-119.10117,0.0,0.0,348
 2018-01-27 08:11:41,35.31833,-119.10117,0.0,0.0,348
 2018-01-27 08:12:41,35.31833,-119.10117,0.0,0.0,348
 2018-01-27 08:13:40,35.31833,-119.10117,0.0,0.0,348
 2018-01-27 08:14:41,35.31833,-119.10117,0.0,0.0,348
 2018-01-27 08:15:40,35.31833,-119.10117,0.0,0.0,348
 2018-01-27 08:16:41,35.31833,-119.10117,0.0,0.0,348
 2018-01-27 08:17:40,35.31833,-119.10117,0.0,0.0,348
 2018-01-27 08:18:41,35.31833,-119.10117,0.0,0.0,348
 2018-01-27 08:19:40,35.31833,-119.10117,0.0,0.0,348
 2018-01-27 08:20:41,35.31833,-119.10117,0.0,0.0,348
 2018-01-27 08:21:40,35.31833,-119.10117,0.0,0.0,348
 2018-01-27 08:22:41,35.31833,-119.10117,0.0,0.0,348
 2018-01-27 08:23:40,35.31833,-119.10117,0.0,0.0,348
 2018-01-27 08:24:41,35.31833,-119.10117,0.0,0.0,348
 2018-01-27 08:25:41,35.31833,-119.10117,0.0,0.0,348
 2018-01-27 08:26:40,35.31833,-119.10117,0.0,0.0,348
 2018-01-27 08:27:41,35.31833,-119.10117,0.0,0.0,348
 2018-01-27 08:28:41,35.31833,-119.10117,0.0,0.0,348
 2018-01-27 08:29:41,35.31833,-119.10117,0.0,0.0,348
 2018-01-27 08:30:40,35.31833,-119.10117,0.0,0.0,348
 2018-01-27 08:31:40,35.31833,-119.10117,0.0,0.0,348
 2018-01-27 08:32:41,35.31833,-119.10117,0.0,0.0,348
 2018-01-27 08:33:41,35.31833,-119.10117,32.0,0.0,354
 2018-01-27 08:34:40,35.31833,-119.10117,0.0,0.0,353
 2018-01-27 08:35:41,35.31833,-119.10117,0.0,0.0,353
 2018-01-27 08:36:41,35.31833,-119.10117,0.0,0.0,353
 2018-01-27 08:37:40,35.31833,-119.10117,0.0,0.0,354
 2018-01-27 08:38:41,35.31833,-119.10117,0.0,0.0,353
 2018-01-27 08:39:41,35.31833,-119.10117,0.0,0.0,353
 2018-01-27 08:40:41,35.31833,-119.10117,0.0,0.0,353
 2018-01-27 08:41:40,35.31833,-119.10117,0.0,0.0,353
 2018-01-27 08:42:40,35.31833,-119.10117,0.0,0.0,354
 2018-01-27 08:43:40,35.31833,-119.10117,0.0,0.0,354
 2018-01-27 08:44:41,35.31833,-119.10117,0.0,0.0,354
 2018-01-27 08:45:41,35.31833,-119.10117,0.0,0.0,354
 2018-01-27 08:46:41,35.31833,-119.10117,0.0,0.0,353
 2018-01-27 08:47:41,35.31833,-119.10117,0.0,0.0,353
 2018-01-27 08:48:40,35.31833,-119.10117,0.0,0.0,353
 2018-01-27 08:49:40,35.31833,-119.10117,0.0,0.0,353
 2018-01-27 08:50:41,35.31833,-119.10117,0.0,0.0,353
 2018-01-27 08:51:41,35.31833,-119.10117,0.0,0.0,353
 2018-01-27 08:52:41,35.31833,-119.10117,0.0,0.0,353
 2018-01-27 08:53:40,35.31833,-119.10133,0.0,1.0,353
 2018-01-27 08:54:41,35.31833,-119.10133,0.0,0.0,353
 2018-01-27 08:55:41,35.31833,-119.10133,0.0,0.0,353
 2018-01-27 08:56:41,35.31833,-119.10133,0.0,0.0,353
 2018-01-27 08:57:41,35.31833,-119.10133,0.0,0.0,353
 2018-01-27 08:58:41,35.31833,-119.10133,0.0,0.0,353
 2018-01-27 08:59:41,35.31833,-119.10133,0.0,0.0,353
 2018-01-27 09:00:41,35.31833,-119.10133,0.0,0.0,353
 2018-01-27 09:01:41,35.31833,-119.10133,0.0,0.0,353
 2018-01-27 09:02:41,35.31833,-119.10133,0.0,0.0,353
 2018-01-27 09:03:41,35.31833,-119.10133,0.0,0.0,353
 2018-01-27 09:04:41,35.31833,-119.10133,0.0,0.0,353
 2018-01-27 09:05:41,35.31833,-119.10133,0.0,0.0,353
 2018-01-27 09:06:40,35.31833,-119.10133,0.0,0.0,353
 2018-01-27 09:07:40,35.31833,-119.10133,0.0,0.0,353
 2018-01-27 09:08:41,35.31833,-119.10133,0.0,0.0,353
 2018-01-27 09:09:41,35.31833,-119.10133,0.0,0.0,353
 2018-01-27 09:10:41,35.31833,-119.10133,0.0,0.0,353
 2018-01-27 09:11:41,35.31833,-119.10133,0.0,0.0,353
 2018-01-27 09:12:41,35.31833,-119.10133,0.0,0.0,353
 2018-01-27 09:13:41,35.31833,-119.10133,0.0,0.0,353
 2018-01-27 09:14:41,35.31833,-119.10133,0.0,0.0,353
 2018-01-27 09:15:40,35.31833,-119.10133,0.0,0.0,353
 2018-01-27 09:16:41,35.31833,-119.10133,0.0,0.0,353
 2018-01-27 09:17:41,35.31833,-119.10133,0.0,0.0,353
 2018-01-27 09:18:41,35.31833,-119.10133,0.0,0.0,353
 2018-01-27 09:19:41,35.31833,-119.10133,0.0,0.0,353
 2018-01-27 09:20:50,35.31833,-119.10133,0.0,0.0,353
 2018-01-27 09:21:42,35.31833,-119.10117,0.0,0.0,353
 2018-01-27 09:22:41,35.31833,-119.10117,0.0,0.0,353
 2018-01-27 09:23:42,35.31833,-119.10117,0.0,0.0,353
 2018-01-27 09:24:40,35.31833,-119.10117,0.0,0.0,353
 2018-01-27 09:25:40,35.31833,-119.10117,0.0,0.0,353
 2018-01-27 09:26:41,35.31833,-119.10117,0.0,0.0,353
 2018-01-27 09:27:41,35.31833,-119.10117,0.0,0.0,353
 2018-01-27 09:28:41,35.31833,-119.10117,0.0,0.0,353
 2018-01-27 15:15:53,35.31833,-119.10133,0.0,2.0,328
 2018-01-27 15:16:51,35.31833,-119.10133,0.0,2.0,328
 2018-01-27 15:17:51,35.31833,-119.10133,0.0,2.0,328
 2018-01-27 15:18:51,35.31833,-119.10133,0.0,2.0,328
 2018-01-27 15:19:51,35.31833,-119.10133,0.0,2.0,328
 2018-01-27 15:20:51,35.31833,-119.10133,0.0,2.0,328
 2018-01-27 15:21:51,35.31833,-119.10133,0.0,2.0,328
 2018-01-27 15:22:51,35.31833,-119.10133,0.0,2.0,328
 2018-01-27 15:23:51,35.31833,-119.10133,0.0,2.0,328
 2018-01-27 15:24:51,35.31833,-119.10133,0.0,2.0,328
 2018-01-27 15:25:51,35.31833,-119.10133,0.0,2.0,328
 2018-01-27 15:26:51,35.31833,-119.10133,0.0,2.0,328
 2018-01-27 15:27:51,35.31833,-119.10133,0.0,2.0,328
 2018-01-27 15:28:45,35.31833,-119.10133,0.0,2.0,328
 2018-01-27 15:29:45,35.31833,-119.10133,0.0,2.0,328
 2018-01-27 15:30:45,35.31833,-119.10133,0.0,2.0,328
 2018-01-27 15:31:45,35.31833,-119.10133,0.0,2.0,328
 2018-01-27 15:32:45,35.31833,-119.10133,0.0,2.0,328
 2018-01-27 15:33:45,35.31833,-119.10133,0.0,2.0,328
 2018-01-27 15:34:45,35.31833,-119.10133,0.0,2.0,328
 2018-01-27 15:35:45,35.31833,-119.10133,0.0,2.0,328
 2018-01-27 15:36:45,35.31833,-119.10133,0.0,2.0,328
 2018-01-27 15:37:45,35.31833,-119.10133,0.0,2.0,328
 2018-01-27 15:38:45,35.31833,-119.10133,0.0,2.0,328
 2018-01-27 15:39:45,35.31833,-119.10133,0.0,2.0,328
 2018-01-27 15:40:45,35.31833,-119.10133,0.0,2.0,328
 2018-01-27 15:41:45,35.31833,-119.10133,0.0,2.0,328
 2018-01-27 15:42:45,35.31833,-119.10133,0.0,2.0,328
 2018-01-27 15:43:45,35.31833,-119.10133,0.0,2.0,328
 2018-01-27 17:49:41,35.31833,-119.09950,122.0,19.0,352
 2018-01-27 17:50:11,35.31767,-119.09867,15.0,22.0,349
 2018-01-27 17:50:41,35.31817,-119.09450,90.0,44.0,327
 2018-01-27 17:51:11,35.32133,-119.09217,359.0,49.0,347
 2018-01-27 17:51:41,35.32783,-119.09217,358.0,47.0,359
 2018-01-27 17:52:11,35.33517,-119.09217,0.0,50.0,367
 2018-01-27 17:52:41,35.34150,-119.09217,360.0,49.0,404
 2018-01-27 17:53:11,35.34850,-119.09217,359.0,53.0,384
 2018-01-27 17:53:41,35.35500,-119.09217,0.0,46.0,398
 2018-01-27 17:54:11,35.35633,-119.09183,87.0,13.0,386
 2018-01-27 17:55:13,35.35633,-119.09183,87.0,13.0,386
 2018-01-27 17:55:41,35.35683,-119.09200,301.0,1.0,349
 2018-01-27 17:56:41,35.35683,-119.09200,301.0,1.0,349
 2018-01-27 17:57:41,35.35683,-119.09200,301.0,1.0,349
 2018-01-27 18:00:16,35.35633,-119.09133,260.0,8.0,375
 2018-01-27 18:00:30,35.35633,-119.09133,260.0,8.0,375
 2018-01-27 18:01:05,35.35633,-119.09133,260.0,8.0,375
 2018-01-27 18:02:21,35.38300,-119.09200,359.0,10.0,383
 2018-01-27 18:02:30,35.38300,-119.09200,359.0,0.0,386
 2018-01-27 18:02:38,35.38283,-119.09200,359.0,0.0,384
 2018-01-27 18:02:51,35.38300,-119.09200,359.0,17.0,385
 2018-01-27 18:03:06,35.38550,-119.09200,359.0,36.0,383
 2018-01-27 18:05:28,35.41000,-119.09250,141.0,6.0,393
 2018-01-27 18:07:26,35.41000,-119.09283,258.0,0.0,393
 2018-01-27 18:08:26,35.41000,-119.09283,227.0,0.0,393
 2018-01-27 18:09:26,35.41000,-119.09283,193.0,0.0,393
 2018-01-27 18:10:26,35.41000,-119.09283,197.0,0.0,393
 2018-01-27 18:11:24,35.41000,-119.09250,89.0,1.0,393
 2018-01-27 18:12:56,35.41783,-119.09200,1.0,45.0,362
 2018-01-27 18:14:57,35.42667,-119.09200,320.0,0.0,403
 2018-01-27 18:15:57,35.43783,-119.09200,1.0,49.0,420
 2018-01-27 18:15:58,35.43800,-119.09200,1.0,49.0,421
 2018-01-27 18:17:30,35.44133,-119.09633,269.0,51.0,426
 2018-01-27 18:18:29,35.44133,-119.10883,270.0,43.0,358
 2018-01-27 18:19:31,35.44133,-119.12917,270.0,56.0,379
 2018-01-27 18:21:05,35.44167,-119.15750,270.0,53.0,312
 2018-01-27 18:22:05,35.44167,-119.17800,269.0,60.0,271
 2018-01-27 18:23:05,35.44133,-119.19867,256.0,61.0,286
 2018-01-27 18:24:05,35.44167,-119.21917,270.0,60.0,259
 2018-01-27 18:25:05,35.44167,-119.24000,270.0,60.0,282
 2018-01-27 18:35:05,35.44217,-119.43050,270.0,59.0,218
 2018-01-27 18:39:23,35.46250,-119.48450,311.0,68.0,245
 2018-01-27 18:41:03,35.48333,-119.51300,311.0,69.0,253
 2018-01-27 18:51:03,35.61583,-119.65117,14.0,0.0,180
 2018-01-27 18:52:03,35.61617,-119.65167,267.0,15.0,245
 2018-01-27 18:53:36,35.61617,-119.65883,269.0,17.0,218
 2018-01-27 19:03:35,35.61533,-119.85050,269.0,69.0,529
 2018-01-27 19:06:26,35.61467,-119.91783,269.0,69.0,737
 2018-01-27 19:06:58,35.61467,-119.91783,269.0,69.0,737
 2018-01-27 19:07:28,35.61450,-119.94283,269.0,69.0,818
 2018-01-27 19:09:09,35.62200,-119.98033,300.0,69.0,806
 2018-01-27 19:19:09,35.72133,-120.18333,302.0,69.0,1301
 2018-01-27 19:25:48,35.72083,-120.29800,207.0,55.0,1155
 2018-01-27 19:32:11,35.66283,-120.38467,270.0,55.0,1015
 2018-01-27 19:33:46,35.66167,-120.41367,268.0,64.0,973
 2018-01-27 19:43:49,35.64783,-120.62867,236.0,65.0,838
 2018-01-27 19:47:27,35.64217,-120.68583,243.0,39.0,635
 2018-01-27 19:57:27,35.62583,-120.68867,26.0,1.0,719
 2018-01-27 20:07:28,35.62750,-120.68967,245.0,0.0,756
 2018-01-27 20:17:28,35.62750,-120.68967,0.0,0.0,741
 2018-01-27 20:27:28,35.62750,-120.68967,0.0,0.0,721
 2018-01-27 20:37:28,35.62750,-120.68967,0.0,0.0,716
 2018-01-27 20:47:27,35.62750,-120.68967,0.0,0.0,722
 2018-01-27 20:53:53,35.62750,-120.68967,0.0,1.0,762
 2018-01-27 20:56:06,35.62750,-120.69000,145.0,1.0,718
 2018-01-27 21:00:16,35.62200,-120.69083,176.0,27.0,735
 2018-01-27 21:01:16,35.61867,-120.69050,175.0,29.0,732
 2018-01-27 21:02:16,35.61533,-120.69050,183.0,0.0,754
 2018-01-27 21:03:16,35.60667,-120.69217,189.0,55.0,787
 2018-01-27 21:04:16,35.59167,-120.69550,184.0,50.0,742
 2018-01-27 21:05:16,35.58950,-120.69633,269.0,14.0,679
 2018-01-27 21:06:16,35.58583,-120.70700,248.0,52.0,839
 2018-01-27 21:07:16,35.57833,-120.72283,237.0,53.0,873
 2018-01-27 21:09:17,35.56117,-120.75250,214.0,54.0,974
 2018-01-27 21:10:16,35.55333,-120.76083,235.0,3.0,898
 2018-01-27 21:12:17,35.54783,-120.79083,262.0,47.0,841
 2018-01-27 21:13:16,35.54000,-120.80283,219.0,43.0,949
 2018-01-27 21:14:17,35.53783,-120.81750,252.0,47.0,1240
 2018-01-27 21:15:16,35.53800,-120.83383,273.0,57.0,1267
 2018-01-27 21:18:29,35.53667,-120.88700,282.0,52.0,1593
 2018-01-27 21:20:17,35.54500,-120.92133,256.0,48.0,1396
 2018-01-27 21:21:17,35.54967,-120.93867,287.0,60.0,1129
 2018-01-27 21:22:22,35.54750,-120.95633,217.0,57.0,778
 2018-01-27 21:32:16,35.56033,-121.09467,333.0,41.0,6
 2018-01-27 21:52:16,35.65050,-121.18617,143.0,0.0,133
 2018-01-27 22:03:07,35.65083,-121.18633,0.0,1.0,141
 2018-01-27 22:03:49,35.65117,-121.18633,0.0,2.0,138
 2018-01-27 22:05:18,35.65083,-121.18633,0.0,0.0,141
 2018-01-27 22:25:20,35.68583,-121.16867,0.0,0.0,1538
 2018-01-28 00:36:14,35.65033,-121.18617,284.0,0.0,127
 2018-01-28 00:50:06,35.66217,-121.25583,0.0,0.0,6
 2018-01-28 01:09:22,35.64750,-121.19467,116.0,54.0,71
 2018-01-28 01:09:59,35.64283,-121.18300,115.0,58.0,42
 2018-01-28 02:53:46,35.56617,-121.09950,134.0,39.0,13
 2018-01-28 02:54:46,35.55667,-121.09217,141.0,42.0,54
 2018-01-28 02:55:46,35.55550,-121.07883,90.0,47.0,246
 2018-01-28 02:56:46,35.54550,-121.06533,137.0,59.0,183
 2018-01-28 02:57:48,35.53500,-121.05167,151.0,52.0,110
 2018-01-28 02:58:46,35.52800,-121.04300,51.0,35.0,122
 2018-01-28 02:59:48,35.53700,-121.03000,50.0,54.0,139
 2018-01-28 03:00:48,35.53917,-121.01300,62.0,54.0,283
 2018-01-28 03:01:48,35.54050,-120.99467,90.0,57.0,307
 2018-01-28 03:03:01,35.54083,-120.97633,57.0,53.0,410
 2018-01-28 03:03:48,35.54417,-120.96000,60.0,50.0,629
 2018-01-28 03:04:48,35.55050,-120.94583,80.0,48.0,917
 2018-01-28 03:06:46,35.54617,-120.91450,83.0,46.0,1453
 2018-01-28 03:08:03,35.54200,-120.89800,102.0,51.0,1686
 2018-01-28 03:08:46,35.53550,-120.88217,112.0,57.0,1658
 2018-01-28 03:10:46,35.53500,-120.84800,96.0,53.0,1279
 2018-01-28 03:11:46,35.53783,-120.83167,96.0,49.0,1282
 2018-01-28 03:12:46,35.53800,-120.81583,72.0,46.0,1324
 2018-01-28 03:13:45,35.54333,-120.79950,47.0,59.0,1063
 2018-01-28 03:14:46,35.54917,-120.78450,69.0,50.0,914
 2018-01-28 03:15:46,35.55050,-120.76883,96.0,40.0,949
 2018-01-28 03:16:48,35.55383,-120.76000,56.0,43.0,929
 2018-01-28 03:17:46,35.56367,-120.74883,51.0,46.0,989
 2018-01-28 03:18:48,35.57167,-120.73583,58.0,50.0,897
 2018-01-28 03:19:46,35.57867,-120.72217,58.0,46.0,899
 2018-01-28 03:20:46,35.58550,-120.70833,68.0,46.0,856
 2018-01-28 03:21:46,35.58917,-120.69667,95.0,9.0,761
 2018-01-28 03:22:46,35.59550,-120.69500,7.0,50.0,741
 2018-01-28 03:23:45,35.61200,-120.69050,27.0,62.0,749
 2018-01-28 03:24:46,35.62833,-120.68633,356.0,58.0,691
 2018-01-28 03:25:46,35.64250,-120.68417,358.0,18.0,679
 2018-01-28 03:26:46,35.64417,-120.67417,89.0,55.0,750
 2018-01-28 03:27:46,35.64450,-120.65717,90.0,35.0,806
 2018-01-28 03:28:46,35.64450,-120.63917,89.0,54.0,784
 2018-01-28 03:29:46,35.65117,-120.62200,56.0,60.0,841
 2018-01-28 03:30:46,35.65867,-120.60500,77.0,54.0,841
 2018-01-28 03:31:46,35.65917,-120.58617,89.0,52.0,892
 2018-01-28 03:32:46,35.65917,-120.56700,89.0,62.0,927
 2018-01-28 03:33:48,35.65883,-120.54583,100.0,62.0,951
 2018-01-28 03:34:46,35.65467,-120.52617,87.0,59.0,1042
 2018-01-28 03:36:46,35.65867,-120.48617,90.0,60.0,980
 2018-01-28 03:39:53,35.66133,-120.42250,89.0,59.0,989
 2018-01-28 03:41:52,35.66250,-120.38383,91.0,54.0,1009
 2018-01-28 03:42:52,35.66250,-120.36583,85.0,52.0,1036
 2018-01-28 03:43:52,35.67217,-120.35250,51.0,53.0,1059
 2018-01-28 03:44:52,35.68283,-120.33950,30.0,53.0,1091
 2018-01-28 03:45:52,35.69500,-120.32917,39.0,53.0,1090
 2018-01-28 03:46:52,35.70700,-120.31583,52.0,64.0,1112
 2018-01-28 03:47:52,35.71800,-120.29967,34.0,57.0,1151
 2018-01-28 03:48:52,35.73133,-120.29217,35.0,52.0,1142
 2018-01-28 03:49:52,35.73583,-120.27633,77.0,59.0,1137
 2018-01-28 03:50:52,35.74033,-120.25750,73.0,55.0,1293
 2018-01-28 03:51:52,35.74283,-120.23883,84.0,57.0,1613
 2018-01-28 03:52:52,35.74367,-120.22083,98.0,49.0,1675
 2018-01-28 03:53:52,35.73467,-120.20917,160.0,51.0,1603
 2018-01-28 03:54:52,35.72717,-120.19550,118.0,53.0,1448
 2018-01-28 03:55:52,35.71800,-120.17750,122.0,66.0,1325
 2018-01-28 03:56:52,35.70750,-120.15883,120.0,68.0,1181
 2018-01-28 03:57:52,35.69833,-120.13950,120.0,65.0,1051
 2018-01-28 03:58:52,35.68917,-120.12033,120.0,66.0,946
 2018-01-28 03:59:52,35.68000,-120.10083,120.0,66.0,862
 2018-01-28 04:00:52,35.67117,-120.08283,120.0,57.0,839
 2018-01-28 04:01:52,35.66283,-120.06500,120.0,62.0,809
 2018-01-28 04:02:52,35.65367,-120.04633,120.0,62.0,748
 2018-01-28 04:03:52,35.64500,-120.02800,120.0,58.0,716
 2018-01-28 04:04:52,35.63633,-120.01083,120.0,59.0,731
 2018-01-28 04:05:59,35.62800,-119.99333,120.0,59.0,762
 2018-01-28 04:10:20,35.61450,-119.90550,89.0,60.0,750
 2018-01-28 04:10:50,35.61450,-119.89467,89.0,64.0,718
 2018-01-28 04:11:20,35.61450,-119.88367,89.0,66.0,686
 2018-01-28 04:13:13,35.61467,-119.87500,87.0,62.0,658
 2018-01-28 04:15:13,35.61467,-119.87500,87.0,62.0,658
 2018-01-28 04:16:13,35.61467,-119.87500,87.0,62.0,658
 2018-01-28 04:17:13,35.61467,-119.87500,87.0,62.0,658
 2018-01-28 04:18:13,35.61467,-119.87500,87.0,62.0,658
 2018-01-28 04:19:13,35.61467,-119.87500,87.0,62.0,658
 2018-01-28 04:20:13,35.61467,-119.87500,87.0,62.0,658
 2018-01-28 04:21:13,35.61467,-119.87500,87.0,62.0,658
 2018-01-28 04:22:13,35.61467,-119.87500,87.0,62.0,658
 2018-01-28 04:23:13,35.61467,-119.87500,87.0,62.0,658
 2018-01-28 04:33:13,35.61467,-119.87500,87.0,62.0,658
 2018-01-28 04:43:13,35.61467,-119.87500,87.0,62.0,658
 2018-01-28 04:53:13,35.61467,-119.87500,87.0,62.0,658
 2018-01-28 05:03:29,35.61467,-119.87500,87.0,62.0,658
 2018-01-28 05:10:12,35.40450,-119.09217,180.0,38.0,386
 2018-01-28 05:10:42,35.40133,-119.09217,179.0,23.0,385
 2018-01-28 05:14:08,35.37033,-119.09217,179.0,42.0,378
 2018-01-28 05:14:42,35.36533,-119.09200,174.0,7.0,379
 2018-01-28 05:16:04,35.35450,-119.09217,180.0,3.0,347
 2018-01-28 05:16:16,35.35450,-119.09217,174.0,0.0,369
 2018-01-28 05:17:37,35.35033,-119.09217,180.0,44.0,368
 2018-01-28 05:19:42,35.32967,-119.09217,179.0,46.0,360
 2018-01-28 05:21:26,35.31833,-119.09800,281.0,0.0,329
 2018-01-28 05:21:27,35.31833,-119.09800,282.0,0.0,328
 2018-01-28 05:22:58,35.31867,-119.10133,282.0,0.0,351
 2018-01-28 05:32:58,35.31833,-119.10117,136.0,0.0,353
 2018-01-28 05:42:58,35.31833,-119.10117,0.0,0.0,353
 2018-01-28 05:52:58,35.31833,-119.10133,0.0,0.0,355
 2018-01-28 23:58:24,35.32467,-119.10917,1.0,0.0,359
 2018-01-28 23:59:24,35.32467,-119.10917,1.0,0.0,359
 2018-01-29 00:00:24,35.32467,-119.10917,1.0,0.0,359
 2018-01-29 00:01:24,35.32467,-119.10917,1.0,0.0,359
 2018-01-29 00:14:17,35.35133,-119.12133,163.0,2.0,361
 2018-01-29 00:23:01,35.39550,-119.10967,0.0,49.0,378
 2018-01-29 00:25:31,35.41367,-119.10000,88.0,35.0,392
 2018-01-29 00:26:31,35.41000,-119.09250,269.0,6.0,392
 2018-01-29 00:27:31,35.41000,-119.09250,269.0,0.0,392
 2018-01-29 00:28:31,35.41000,-119.09250,269.0,0.0,392
 2018-01-29 00:38:31,35.41000,-119.09283,0.0,0.0,389
 2018-01-29 00:48:31,35.41000,-119.09283,0.0,0.0,389
 2018-01-29 00:58:31,35.41000,-119.09300,0.0,0.0,386
 2018-01-29 01:08:31,35.41000,-119.09300,0.0,0.0,382
 2018-01-29 03:23:03,35.40617,-119.09217,181.0,47.0,388
 2018-01-29 03:23:33,35.39967,-119.09217,178.0,46.0,389
 2018-01-29 03:24:49,35.38283,-119.09217,179.0,46.0,383
 2018-01-29 03:26:27,35.35917,-119.09217,181.0,54.0,357
 2018-01-29 03:31:43,35.31833,-119.10133,160.0,1.0,355
 2018-01-29 03:39:43,35.31833,-119.10133,0.0,0.0,330
 2018-01-29 03:40:43,35.31833,-119.10133,0.0,0.0,330
 2018-01-29 03:41:43,35.31833,-119.10133,0.0,0.0,330
 2018-01-29 03:42:43,35.31833,-119.10133,0.0,0.0,330
 2018-01-29 03:43:44,35.31833,-119.10133,0.0,0.0,330
 2018-01-29 03:44:44,35.31833,-119.10133,0.0,0.0,330
 2018-01-29 03:45:44,35.31833,-119.10133,0.0,0.0,330
 2018-01-29 03:46:43,35.31833,-119.10133,0.0,0.0,330
 2018-01-29 03:47:43,35.31833,-119.10133,0.0,0.0,330
 2018-01-29 03:48:45,35.31833,-119.10133,0.0,0.0,330
 2018-01-29 03:49:43,35.31833,-119.10133,0.0,0.0,330
 2018-01-29 03:50:43,35.31833,-119.10133,0.0,0.0,330
 2018-01-29 03:51:43,35.31833,-119.10133,0.0,0.0,330
 2018-01-29 03:52:43,35.31833,-119.10133,0.0,0.0,330
 2018-01-29 03:53:48,35.31833,-119.10133,0.0,0.0,330
 2018-01-29 03:54:47,35.31833,-119.10133,0.0,0.0,330
 2018-01-29 03:55:54,35.31833,-119.10133,0.0,0.0,330
 2018-01-29 03:56:47,35.31833,-119.10133,0.0,0.0,330
 2018-01-29 03:58:12,35.31833,-119.10133,0.0,0.0,330
 2018-01-29 03:58:52,35.31833,-119.10133,0.0,0.0,330
 2018-01-29 04:04:05,35.31833,-119.10133,0.0,0.0,330
 2018-01-29 04:04:43,35.31833,-119.10133,0.0,0.0,330
 2018-01-29 04:05:43,35.31833,-119.10133,0.0,0.0,330
 2018-01-29 04:06:43,35.31833,-119.10133,0.0,0.0,330
 2018-01-29 04:08:44,35.31833,-119.10133,0.0,0.0,330
 2018-01-29 04:13:43,35.31833,-119.10133,0.0,0.0,330
 2018-01-29 04:14:43,35.31833,-119.10133,0.0,0.0,330
 2018-01-29 04:15:43,35.31833,-119.10133,0.0,0.0,330
 2018-01-29 04:16:44,35.31833,-119.10133,0.0,0.0,330
 2018-01-29 04:17:44,35.31833,-119.10133,0.0,0.0,330
 2018-01-29 04:18:44,35.31833,-119.10133,0.0,0.0,330
 2018-01-29 04:19:43,35.31833,-119.10133,0.0,0.0,330
 2018-01-29 04:20:43,35.31833,-119.10133,0.0,0.0,330
 2018-01-29 04:21:43,35.31833,-119.10133,0.0,0.0,330
 2018-01-29 04:22:43,35.31833,-119.10133,0.0,0.0,330
 2018-01-29 04:23:43,35.31833,-119.10133,0.0,0.0,330
 2018-01-29 04:24:43,35.31833,-119.10133,0.0,0.0,330
 2018-01-29 04:25:43,35.31833,-119.10133,0.0,0.0,330
 2018-01-29 04:26:43,35.31833,-119.10133,0.0,0.0,330
 2018-01-29 04:27:43,35.31833,-119.10133,0.0,0.0,330
 2018-01-29 04:28:43,35.31833,-119.10133,0.0,0.0,330
 2018-01-29 04:29:43,35.31833,-119.10133,0.0,0.0,330
 2018-01-29 04:39:44,35.31833,-119.10117,0.0,0.0,280
 2018-01-29 04:49:43,35.31833,-119.10117,0.0,0.0,329
 2018-01-29 04:59:43,35.31833,-119.10117,0.0,0.0,328
 2018-01-29 05:09:43,35.31833,-119.10117,0.0,0.0,328
 2018-01-29 05:19:43,35.31833,-119.10117,0.0,0.0,349
 2018-01-29 05:29:43,35.31833,-119.10117,0.0,0.0,349
 2018-01-29 05:39:43,35.31800,-119.10117,0.0,0.0,327
 2018-01-29 05:49:43,35.31833,-119.10133,0.0,0.0,329
 2018-01-29 05:59:43,35.31833,-119.10117,0.0,0.0,348
 2018-01-29 06:00:03,35.31833,-119.10117,0.0,0.0,348
 2018-01-29 06:00:09,35.31833,-119.10117,0.0,0.0,352
 2018-01-29 06:00:24,35.31833,-119.10117,0.0,0.0,354
 2018-01-29 06:02:03,35.31833,-119.10133,0.0,0.0,349
 2018-01-29 06:12:03,35.31833,-119.10117,0.0,0.0,348
 2018-01-29 06:22:03,35.31833,-119.10117,0.0,0.0,354
 2018-01-29 06:32:03,35.31833,-119.10117,0.0,0.0,348
 2018-01-29 06:42:03,35.31833,-119.10117,0.0,0.0,327
 2018-01-29 06:52:03,35.31833,-119.10117,0.0,0.0,327
 2018-01-29 07:02:03,35.31800,-119.10083,0.0,0.0,327
 2018-01-29 07:12:03,35.31867,-119.10117,0.0,0.0,329
 2018-01-29 07:22:03,35.31833,-119.10117,0.0,0.0,348
 2018-01-29 07:32:03,35.31833,-119.10117,0.0,0.0,348
 2018-01-29 07:41:03,35.31833,-119.10133,0.0,0.0,329
 2018-01-29 07:42:03,35.31833,-119.10133,0.0,0.0,329
 2018-01-29 07:43:03,35.31833,-119.10133,0.0,0.0,329
 2018-01-29 07:44:03,35.31833,-119.10133,0.0,0.0,329
 2018-01-29 07:45:03,35.31833,-119.10133,0.0,0.0,329
 2018-01-29 07:46:03,35.31833,-119.10133,0.0,0.0,329
 2018-01-29 07:47:03,35.31833,-119.10133,0.0,0.0,329
 2018-01-29 07:48:03,35.31833,-119.10133,0.0,0.0,329
 2018-01-29 07:49:03,35.31833,-119.10133,0.0,0.0,329
 2018-01-29 07:50:03,35.31833,-119.10133,0.0,0.0,329
 2018-01-29 07:51:03,35.31833,-119.10133,0.0,0.0,329
 2018-01-29 07:52:03,35.31833,-119.10133,0.0,0.0,329
 2018-01-29 07:53:05,35.31833,-119.10133,0.0,0.0,329
 2018-01-29 07:54:03,35.31833,-119.10133,0.0,0.0,329
 2018-01-29 07:55:03,35.31833,-119.10133,0.0,0.0,329
 2018-01-29 07:56:03,35.31833,-119.10133,0.0,0.0,329
 2018-01-29 07:57:03,35.31833,-119.10133,0.0,0.0,329
 2018-01-29 07:58:03,35.31833,-119.10133,0.0,0.0,329
 2018-01-29 07:59:03,35.31833,-119.10133,0.0,0.0,329
 2018-01-29 08:00:03,35.31833,-119.10133,0.0,0.0,329
 2018-01-29 08:01:03,35.31833,-119.10133,0.0,0.0,329
 2018-01-29 08:02:03,35.31833,-119.10133,0.0,0.0,329
 2018-01-29 08:12:04,35.31833,-119.10133,0.0,0.0,330
 2018-01-29 08:16:32,35.31833,-119.10117,0.0,0.0,348
 2018-01-29 08:18:05,35.31833,-119.10117,0.0,0.0,354
 2018-01-29 08:28:04,35.31833,-119.10117,0.0,0.0,328
 2018-01-29 08:38:04,35.31833,-119.10117,0.0,0.0,354
 2018-01-29 15:42:25,35.32500,-119.10917,1.0,19.0,359
 2018-01-29 15:44:17,35.32833,-119.11000,339.0,36.0,358
 2018-01-29 15:44:28,35.32833,-119.11000,0.0,0.0,348
 2018-01-29 15:46:12,35.34200,-119.11083,195.0,5.0,362
 2018-01-29 15:47:12,35.34167,-119.11033,79.0,1.0,361
 2018-01-29 15:57:12,35.34167,-119.10967,0.0,0.0,303
 2018-01-29 16:07:12,35.34167,-119.10950,0.0,0.0,358
 2018-01-29 16:17:13,35.34167,-119.10950,0.0,0.0,358
 2018-01-29 16:27:12,35.34133,-119.10783,77.0,2.0,358
 2018-01-29 16:37:12,35.34050,-119.10367,0.0,0.0,358
 2018-01-29 16:47:12,35.34133,-119.10783,324.0,1.0,358
 2018-01-29 16:57:12,35.34167,-119.10950,0.0,0.0,364
 2018-01-29 17:07:12,35.34200,-119.10950,0.0,0.0,335
 2018-01-29 17:17:13,35.34167,-119.10950,0.0,0.0,358
 2018-01-29 17:27:12,35.34167,-119.10950,0.0,0.0,358
 2018-01-29 17:37:12,35.34167,-119.10950,0.0,0.0,358
 2018-01-29 17:47:13,35.34200,-119.11050,0.0,0.0,362
 2018-01-29 17:57:12,35.34167,-119.10950,0.0,0.0,358
 2018-01-29 18:07:12,35.34167,-119.10917,0.0,0.0,442
 2018-01-29 18:17:12,35.34200,-119.10883,0.0,0.0,335
 2018-01-29 18:27:12,35.34167,-119.10950,0.0,0.0,358
 2018-01-29 18:37:13,35.34167,-119.10950,0.0,0.0,358
 2018-01-29 18:47:12,35.34167,-119.10950,0.0,0.0,358
 2018-01-29 18:57:13,35.34200,-119.10967,0.0,2.0,335
 2018-01-29 19:07:13,35.34167,-119.10950,0.0,0.0,358
 2018-01-29 19:17:13,35.34167,-119.10950,0.0,0.0,346
 2018-01-29 19:27:12,35.34167,-119.10950,0.0,0.0,358
 2018-01-29 19:33:12,35.33967,-119.11367,270.0,0.0,358
 2018-01-29 19:34:12,35.33033,-119.11117,158.0,46.0,356
 2018-01-29 19:36:12,35.31750,-119.10917,180.0,0.0,355
 2018-01-29 19:37:12,35.31800,-119.10500,153.0,21.0,352
 2018-01-29 19:38:12,35.31833,-119.10133,196.0,0.0,354
 2018-01-29 19:48:12,35.31833,-119.10133,0.0,0.0,353
 2018-01-30 00:26:00,35.37833,-119.11000,192.0,36.0,368
 2018-01-30 00:26:31,35.37333,-119.11000,169.0,5.0,367
 2018-01-30 00:27:01,35.36883,-119.11033,203.0,23.0,368
 2018-01-30 00:27:30,35.36883,-119.11033,203.0,6.0,368
 2018-01-30 00:28:00,35.36867,-119.10550,90.0,10.0,371
 2018-01-30 00:28:30,35.36867,-119.09867,90.0,49.0,374
 2018-01-30 00:29:00,35.36867,-119.09217,89.0,0.0,378
 2018-01-30 00:29:31,35.36617,-119.09200,172.0,34.0,317
 2018-01-30 00:30:01,35.36200,-119.09167,188.0,46.0,349
 2018-01-30 00:30:31,35.35633,-119.09217,181.0,26.0,373
 2018-01-30 00:31:00,35.35617,-119.09300,269.0,0.0,371
 2018-01-30 00:31:31,35.35617,-119.09333,269.0,0.0,371
 2018-01-30 00:33:49,35.35583,-119.09383,358.0,0.0,384
 2018-01-30 00:40:49,35.35417,-119.09217,178.0,21.0,372
 2018-01-30 00:41:49,35.34167,-119.09217,180.0,43.0,367
 2018-01-30 00:42:49,35.33217,-119.09217,180.0,42.0,363
 2018-01-30 00:43:49,35.32167,-119.09217,180.0,37.0,357
 2018-01-30 00:44:49,35.31833,-119.09800,287.0,0.0,352
 2018-01-30 00:45:48,35.31783,-119.09950,10.0,14.0,350
 2018-01-30 00:46:48,35.31867,-119.10133,255.0,0.0,299
 2018-01-30 00:56:48,35.31833,-119.10133,0.0,0.0,354
 2018-01-30 01:06:49,35.31833,-119.10117,0.0,0.0,348
 2018-01-30 01:16:48,35.31833,-119.10133,0.0,0.0,349
 2018-01-30 01:26:48,35.31833,-119.10117,0.0,0.0,358
 2018-01-30 01:46:49,35.31833,-119.10117,0.0,0.0,327
 2018-01-30 01:56:48,35.31833,-119.10133,0.0,0.0,349
 2018-01-30 02:06:48,35.31833,-119.10133,0.0,0.0,355
 2018-01-30 02:16:48,35.31833,-119.10117,0.0,0.0,353
 2018-01-30 02:26:48,35.31800,-119.10133,0.0,0.0,356
